ticker,name,underlying_asset,underlying_ticker,leverage,direction,created_at,fund_type,price,avg_volume,aum,expense_ratio,fund_family,asset_class,updated_at,url,exchange,inception_date,percent_change_from_prev_day,ytd_returns,options_enabled,options_expiration_type,weekly_returns
AALG,Leverage Shares 2x Long AAL Daily ETF,American Airlines,AAL,2x,long,2025-08-28T00:41:26.696746+00:00,Single Stock,14.1271,26247.3,2676660,0.78,Leverage Shares,equity,2026-08-01T00:00:02.74+00:00,https://leverageshares.com/us/etfs/leverage-shares-2x-long-aal-daily-etf,NASDAQ,2025-07-11,-2.13165405824811,-19.0424068767908,,,22.84434782608696
AAOG,Leverage Shares 2X Long AAOI Daily ETF,"Applied Optoelectronics, Inc.",AAOI,2x,long,2026-05-12T21:33:48.498907+00:00,Single Stock,2.31,1492200,10615400,0.75,Leverage Shares,equity,2026-08-01T00:00:02.74+00:00,https://leverageshares.com/us/etfs/leverage-shares-2x-long-aaoi-daily-etf,CBOE,2026-05-12,8.96226415094339,-85.0871530019367,True,Monthly,-32.05882352941176
AAOX,Tradr 2X Long AAOI Daily ETF,Applied Optoelectronics Inc,AAOI,2x,long,2026-03-24T21:55:50.705326+00:00,Single Stock,10.4,6152270,95716800,1.49,Tradr,equity,2026-08-01T00:00:02.74+00:00,https://www.tradretfs.com/AAOX,CBOE,2026-03-23,9.47368421052632,-59.2315140396474,True,Monthly,-30.965814802522395
AAOZ,Tradr 2X Short AAOI Daily ETF,"Applied Optoelectronics, Inc.",AAOI,2x,short,2026-07-15T21:29:16.98998+00:00,Single Stock,29.56,0,4569680,1.49,Tradr,equity,2026-08-01T00:00:02.74+00:00,https://www.tradretfs.com/aaoz,AMEX,2026-07-14,-11.0709987966306,15.1538761199844,,,4.748405386250886
AAPB,GraniteShares 2x Long AAPL Daily ETF,Apple Inc,AAPL,2x,long,2025-08-23T14:30:49.780397+00:00,Single Stock,37.84,78104.9,20169600,1.15,GraniteShares,equity,2026-08-01T00:00:02.74+00:00,https://graniteshares.com/institutional/us/en-us/etfs/aapb,NASDAQ,2022-08-09,-15.086125647401,18.25,True,Monthly,-9.256594724220621
AAPD,Direxion Daily AAPL Bear 1X Shares,Apple Inc,AAPL,1x,short,2025-08-23T14:28:46.46309+00:00,Single Stock,11.26,9955360,39276800,0.96,Direxion Funds,equity,2026-08-01T00:00:02.74+00:00,https://www.direxion.com/product/daily-aapl-bull-and-bear-leveraged-single-stock-etfs,NASDAQ,2022-08-09,7.44274809160305,-14.1113653699466,True,Monthly,3.6832412523020293
AAPE,Leverage Shares 2X Long AAPL Daily ETF,Apple Inc,AAPL,2x,long,2026-07-07T18:14:27.922236+00:00,Single Stock,14.45,0,173455,0.75,Leverage Shares,equity,2026-08-01T00:00:02.74+00:00,https://leverageshares.com/us/etfs/leverage-shares-2x-long-aapl-daily-etf,AMEX,2026-07-02,-14.3592053482528,-2.95500335795837,,,-14.24332344213651
AAPU,Direxion Daily AAPL Bull 2X Shares,Apple Inc,AAPL,2x,long,2025-08-23T14:31:00.095597+00:00,Single Stock,39.02,1827490,180261000,0.96,Direxion Funds,equity,2026-08-01T00:00:02.74+00:00,https://www.direxion.com/product/daily-aapl-bull-and-bear-leveraged-single-stock-etfs,NASDAQ,2022-08-09,-14.8592624918176,15.7348361263533,True,Monthly,-8.7037903603182
AAPW,Roundhill AAPL WeeklyPay ETF,Apple common shares,AAPL,1.2x,long,2025-08-27T01:18:20.019441+00:00,Single Stock,39.1813,18538.2,45460200,1,Roundhill Investments,equity,2026-08-01T00:00:02.74+00:00,https://www.roundhillinvestments.com/etf/AAPW,CBOE,2025-02-19,-9.00766372503484,-3.08854810784071,True,Monthly,-5.3591787439613485
AAPX,T-REX 2X Long AAPL Daily Target ETF,Apple Inc,AAPL,2x,long,2026-07-29T21:36:21.018332+00:00,Single Stock,35.43,48202.5,10634900,1.05,REX,equity,2026-08-01T00:00:02.74+00:00,https://www.rexshares.com/AAPX,CBOE,2024-01-11,-14.2960812772134,16.1448942796263,True,Monthly,-8.4259498578444
ABNG,Leverage Shares 2x Long ABNB Daily ETF,"Airbnb, Inc.",ABNB,2x,long,2025-11-18T04:37:38.788994+00:00,Single Stock,,,,0.75,Leverage Shares,equity,2026-07-29T21:36:21.018332+00:00,https://leverageshares.com/us/etfs/leverage-shares-2x-long-abnb-daily-etf,NASDAQ,2025-11-17,,,True,Monthly,
ACHX,Corgi ACHR 2x Daily ETF,Archer Aviation,ACHR,2x,long,2026-07-07T18:14:27.922124+00:00,Single Stock,22.9134,0,318048,0.45,Corgi,equity,2026-08-01T00:00:02.74+00:00,https://corgifunds.com/achx,CBOE,2026-06-30,-4.05135484843537,-10.037691401649,,,-10.565450053278068
ACLZ,Corgi ACLS 2x Daily ETF,Axcelis Technologies,ACLS,2x,long,2026-06-25T03:44:09.240277+00:00,Single Stock,12.673,0,189454,0.45,Corgi,equity,2026-08-01T00:00:02.74+00:00,https://corgifunds.com/aclz,CBOE,2026-06-24,7.92236879082324,-46.7744645107098,,,-7.8099311829834335
ACMM,Corgi ACMR 2x Daily ETF,ACM Research,ACMR,2x,long,2026-06-25T03:44:09.240271+00:00,Single Stock,12.9441,0,229830,0.45,Corgi,equity,2026-08-01T00:00:02.74+00:00,https://corgifunds.com/acmm,CBOE,2026-06-24,-0.0247155777652456,-48.2236,,,-21.120658135283364
ADBG,Leverage Shares 2X Long ADBE Daily ETF,Adobe Inc.,ADBE,2x,long,2025-08-27T00:36:36.784967+00:00,Single Stock,4.28,6891500,46864700,0.77,Leverage Shares,equity,2026-08-01T00:00:02.74+00:00,https://leverageshares.com/us/etfs/leverage-shares-2x-long-adbe-daily-etf/,NASDAQ,2025-03-21,1.66270783847982,-58.3252190847127,True,Monthly,30.687022900763367
ADBU,Direxion Daily ADBE Bull 2X ETF,Adobe Inc,ADBE,2x,long,2026-03-26T21:44:14.440429+00:00,Single Stock,24.15,50050.6,6047580,0.97,Direxion,equity,2026-08-01T00:00:02.74+00:00,https://www.direxion.com/product/daily-adbe-bull-leveraged-single-stock-etf,AMEX,2026-03-25,2.02788339670468,-2.08440608009213,,,31.392818280739938
ADIU,Leverage Shares 2X Long ADI Daily ETF,"Analog Devices, Inc",ADI,2x,long,2026-06-17T04:00:40.223402+00:00,Single Stock,10.67,4887.87,342388,0.99,Leverage Shares,equity,2026-08-01T00:00:02.74+00:00,https://leverageshares.com/us/etfs/leverage-shares-2x-long-adi-daily-etf,CBOE,2026-06-16,1.45864633056311,-30.2158273381295,,,-4.219030520646325
AEHG,Leverage Shares 2X Long AEHR Daily ETF,Aehr Test Systems,AEHR,2x,long,2026-06-27T04:50:19.324665+00:00,Single Stock,7.39,0,3478090,0.99,Leverage Shares,equity,2026-08-01T00:00:02.74+00:00,https://leverageshares.com/us/etfs/leverage-shares-2x-long-aehr-daily-etf,CBOE,2026-06-23,7.56914119359534,-43.1975403535742,,,-24.514811031664962
AFRU,T-REX 2X Long AFRM Daily Target ETF,"Affirm Holdings, Inc",AFRM,2x,long,2025-08-27T00:36:36.784967+00:00,Single Stock,9.73,31294.9,1750100,1.5,T-Rex,equity,2026-08-01T00:00:02.74+00:00,https://www.rexshares.com/afru/,CBOE,2025-09-16,-5.62560620756547,-34.434404080835,True,Monthly,0.11009023283569734
AGQ,ProShares Ultra Silver,Bloomberg Silver Subindex,BCOMSI,2x,long,2025-08-23T17:15:00.570558+00:00,Commodity,63.93,2316770,1130270000,0.95,ProShares,commodity,2026-08-01T00:00:02.74+00:00,https://www.proshares.com/our-etfs/leveraged-and-inverse/agq,NYSE,2008-12-01,-4.42517566153386,-62.5351617440225,True,Weekly,-0.3118665211289502
AIBD,Direxion Daily AI and Big Data Bear 2X Shares,Solactive US AI & Big Data Index,,2x,short,2025-08-23T14:28:46.463401+00:00,Basket of Stocks,55.98,7539.13,8470970,1.05,Direxion Funds,equity,2026-08-01T00:00:02.74+00:00,https://www.direxion.com/product/daily-ai-big-data-bull-bear-2x-etfs,NYSE,2024-05-15,-2.32071191764091,-25.7559681697613,,,-5.182926829268297
AIBU,Direxion Daily AI and Big Data Bull 2X Shares,Solactive US AI & Big Data Index,,2x,long,2025-08-23T14:31:00.09573+00:00,Basket of Stocks,57.34,8653.4,20388000,0.96,Direxion Funds,equity,2026-08-01T00:00:02.74+00:00,https://www.direxion.com/product/daily-ai-big-data-bull-bear-2x-etfs,NYSE,2024-05-15,2.61274158911954,13.4322453016815,True,Monthly,1.5586255756287681
AIQD,MicroSectors -3x Short Artificial Intelligence (AI) ETNs,BITA AI Leaders Select NTR US Index,,3x,short,2026-06-02T18:27:46.93133+00:00,Sector,73.2151,323.533,43281200,0.95,REX Microsectors,equity,2026-08-01T00:00:02.74+00:00,https://www.bmoetns.com/ETN/AIQD.P/,AMEX,2026-06-03,-6.01302709142069,44.5225029609159,,,-6.859194294648421
AIQU,MicroSectors 3x Long Artificial Intelligence (AI) ETNs,BITA AI Leaders Select NTR US Index,,3x,long,2026-06-02T18:27:46.931322+00:00,Sector,13.7141,6847.83,11779600,0.95,REX Microsectors,equity,2026-08-01T00:00:02.74+00:00,https://www.bmoetns.com/ETN/AIQU.P/,AMEX,2026-06-03,6.14628482972136,-44.7902576489533,,,1.7366468842729952
ALA,Corgi ALAB 2x Daily ETF,"Astera Labs, Inc.",ALAB,2x,long,2026-07-10T23:45:36.843809+00:00,Single Stock,12.7587,0,125517,0.45,Corgi,equity,2026-08-01T00:00:02.74+00:00,https://corgifunds.com/ala,AMEX,2026-07-10,9.18870346598202,-47.5166598107775,,,9.988793103448273
ALBG,Leverage Shares 2X Long ALB Daily ETF,Albemarle Corp,ALB,2x,long,2026-01-14T05:56:23.904391+00:00,Single Stock,5.5616,29073.3,994916,0.75,Leverage Shares,equity,2026-08-01T00:00:02.74+00:00,https://leverageshares.com/us/etfs/leverage-shares-2x-long-alb-daily-etf/,NASDAQ,2026-01-13,-0.816777829296997,-64.640659172982,True,Monthly,2.047706422018351
AMA,Defiance Daily Target 2X LONG AMAT ETF,"Applied Materials, Inc.",AMAT,2x,long,2026-05-03T05:25:24.134848+00:00,Single Stock,26.67,349959,17057700,1.29,Defiance,equity,2026-08-01T00:00:02.74+00:00,https://www.defianceetfs.com/AMA/,NASDAQ,2026-04-30,2.61639091958447,36.979969183359,,,-20.483005366726292
AMAA,Corgi AMZN 2x Daily ETF,Amazon.com,AMZN,2x,long,2026-06-27T04:50:19.324715+00:00,Single Stock,34.73,0,490262,0.45,Corgi,equity,2026-08-01T00:00:02.74+00:00,https://corgifunds.com/amaa,CBOE,2026-06-26,31.5196522094771,24.4691335901801,,,34.87692917116513
AMAU,Leverage Shares 2X Long AMAT Daily ETF,"Applied Materials, Inc.",AMAT,2x,long,2026-05-12T21:33:48.498937+00:00,Single Stock,16.11,332887,16222500,0.75,Leverage Shares,equity,2026-08-01T00:00:02.74+00:00,https://leverageshares.com/us/etfs/leverage-shares-2x-long-amat-daily-etf,CBOE,2026-05-12,2.41576605212968,11.952744961779,True,Monthly,-19.450000000000003
AMDC,Corgi AMD 2x Daily ETF,Advanced Micro Devices,AMD,2x,long,2026-06-27T04:50:19.324712+00:00,Single Stock,18.6794,0,457005,0.2,Corgi,equity,2026-08-01T00:00:02.74+00:00,https://corgifunds.com/amdc,CBOE,2026-06-26,-2.73020303379036,-19.1367965367965,,,-23.224825318536777
AMDD,Direxion Daily AMD Bear 1X Shares,"Advanced Micro Devices, Inc.",AMD,1x,short,2025-08-27T00:36:36.784967+00:00,Single Stock,30.42,1528600,24540200,1.03,Direxion,equity,2026-08-01T00:00:02.74+00:00,https://www.direxion.com/product/daily-amd-bull-and-bear-leveraged-single-stock-etfs,NASDAQ,2025-02-12,1.94369973190349,-66.9347826086957,True,Monthly,11.32662397072279
AMDG,Leverage Shares 2X Long AMD Daily ETF,"Advanced Micro Devices, Inc",AMD,2x,long,2025-08-27T00:36:36.784967+00:00,Single Stock,87.6,69672.4,22391800,0.78,Leverage Shares,equity,2026-08-01T00:00:02.74+00:00,https://leverageshares.com/us/etfs/leverage-shares-2x-amd-long-etf/,NASDAQ,2025-01-24,-3.8062420524849,217.391304347826,True,Monthly,-24.473968953283368
AMDL,GraniteShares 2x Long AMD ETF,Advanced Micro Devices Inc,AMD,2x,long,2025-08-23T14:30:49.780368+00:00,Single Stock,51.73,3551540,773315000,1.07,GraniteShares,equity,2026-08-01T00:00:02.74+00:00,https://graniteshares.com/institutional/us/en-us/etfs/amdl,NASDAQ,2024-03-04,-3.34454409566518,218.730745532964,True,Weekly,-26.100000000000005
AMDW,AMD WeeklyPayâ¢ ETF,Advanced Micro Devices Inc,AMD,1.2x,long,2025-08-27T01:21:39.435913+00:00,Single Stock,85.3,95531.1,104189000,1,Roundhill Investments,equity,2026-08-01T00:00:02.74+00:00,https://www.roundhillinvestments.com/etf/AMDW,CBOE,2025-07-24,-2.0215943027797,64.8309178743961,True,Monthly,-16.19178620554137
AMKL,Defiance Daily Target 2X Long AMKR ETF,"Amkor Technology, Inc",AMKR,2x,long,2026-05-06T06:10:16.266677+00:00,Single Stock,6.8,265443,5094900,1.31,Defiance,equity,2026-08-01T00:00:02.74+00:00,https://www.defianceetfs.com/AMKL/,CBOE,2026-05-04,5.59006211180123,-69.1889442682374,,,-58.050586057988895
AMKX,Corgi AMKR 2x Daily ETF,Amkor Technology,AMKR,2x,long,2026-07-07T18:14:27.922187+00:00,Single Stock,10.7906,0,160210,0.45,Corgi,equity,2026-08-01T00:00:02.74+00:00,https://corgifunds.com/amkx,AMEX,2026-07-07,7.01881403167739,-51.9563668744435,,,-47.83344371981494
AMPU,Defiance Daily Target 2X Long AMPX ETF,Amprius Technologies,AMPUX,2x,long,2026-05-07T04:42:25.127695+00:00,Single Stock,2.37,383280,2817620,1.31,Defiance,equity,2026-08-01T00:00:02.74+00:00,https://www.defianceetfs.com/AMPU/,CBOE,2026-05-05,3.7199124726477,-87.8399179066188,,,-8.494208494208484
AMUU,Direxion Daily AMD Bull 2X Shares ETF,"Advanced Micro Devices, Inc.",AMD,2x,long,2025-08-27T00:36:36.784967+00:00,Single Stock,182.59,97401.6,67682400,1.06,Direxion,equity,2026-08-01T00:00:02.74+00:00,https://www.direxion.com/product/daily-amd-bull-and-bear-leveraged-single-stock-etfs,NASDAQ,2025-02-12,-3.78352742793909,219.996494917631,,,-26.333414024045833
AMYY,GRANITESHARES YIELDBOOST AMD ETF,"Advanced Micro Devices, Inc",AMD,variable,long,2025-08-27T00:36:36.784967+00:00,Single Stock,14.36,22899.1,8832810,1.07,GraniteShares,equity,2026-08-01T00:00:02.74+00:00,https://graniteshares.com/institutional/us/en-us/etfs/amyy/,NASDAQ,2025-09-16,-2.07978179338561,-36.2627607634265,True,Monthly,-3.785594639866005
AMZD,Direxion Daily AMZN Bear 1X Shares,Amazon.com Inc,AMZN,1x,short,2025-08-23T14:28:46.463286+00:00,Single Stock,8.09,15312800,12180200,1.02,Direxion Funds,equity,2026-08-01T00:00:02.74+00:00,https://www.direxion.com/product/daily-amzn-bull-and-bear-leveraged-single-stock-etfs,NASDAQ,2022-09-07,-15.1991614255765,-19.4223107569721,True,Monthly,-15.816857440166489
AMZG,Leverage Shares 2X Long AMZN Daily ETF,Amazon.com Inc,AMZN,2x,long,2026-07-07T18:14:27.922245+00:00,Single Stock,17.93,0,255194,0.75,Leverage Shares,equity,2026-08-01T00:00:02.74+00:00,https://leverageshares.com/us/etfs/leverage-shares-2x-long-amzn-daily-etf,AMEX,2026-07-02,29.9275362318841,18.6631369953673,,,32.32472324723246
AMZO,Tradr 2X Short AMZN Daily ETF,Amazon.com Inc,AMZN,2x,short,2026-03-24T21:55:50.705319+00:00,Single Stock,12.74,42556.3,1190400,1.49,Tradr,equity,2026-08-01T00:00:02.74+00:00,https://www.tradretfs.com/AMZO,CBOE,2026-03-23,-30.3825136612022,-50.0588004704038,True,Monthly,-31.39509211043559
AMZU,Direxion Daily AMZN Bull 2X Shares,Amazon.com Inc,AMZN,2x,long,2025-08-23T14:31:00.095576+00:00,Single Stock,41.72,3593550,268604000,0.99,Direxion Funds,equity,2026-08-01T00:00:02.74+00:00,https://www.direxion.com/product/daily-amzn-bull-and-bear-leveraged-single-stock-etfs,NASDAQ,2022-09-07,29.726368159204,19.0129796034802,True,Monthly,31.215599937097018
AMZW,AMZN WeeklyPayâ¢ ETF,Amazon.com Inc,AMZN,1.2x,long,2025-08-27T01:20:20.161972+00:00,Single Stock,40.55,17578.1,31321300,1,Roundhill Investments,equity,2026-08-01T00:00:02.74+00:00,https://www.roundhillinvestments.com/etf/AMZW,CBOE,2025-06-18,18.1526806526806,-4.34064637886295,True,Monthly,18.67134913666958
AMZZ,GraniteShares 2x Long AMZN Daily ETF,Amazon.com Inc,AMZN,2x,long,2025-08-23T14:30:49.780384+00:00,Single Stock,38.8,204021,34662600,1.15,GraniteShares,equity,2026-08-01T00:00:02.74+00:00,https://graniteshares.com/institutional/us/en-us/etfs/amzz,NASDAQ,2024-03-04,29.8527443105756,22.6683528295922,True,Monthly,31.659314557176785
ANEL,Defiance Daily Target 2x Long ANET ETF,"Arista Networks, Inc.",ANET,2x,long,2025-08-27T00:36:36.784967+00:00,Single Stock,22.8554,121628,9192610,1.31,Defiance,equity,2026-08-01T00:00:02.74+00:00,https://www.defianceetfs.com/anel/,NASDAQ,2025-09-03,11.8214020118204,33.8138173302108,,,4.841284403669719
APHG,Leverage Shares 2X Long APH Daily ETF,Amphenol Corporation,APH,2x,long,2026-06-17T04:00:40.223404+00:00,Single Stock,14.8232,7331.37,389211,0.99,Leverage Shares,equity,2026-08-01T00:00:02.74+00:00,https://leverageshares.com/us/etfs/leverage-shares-2x-long-aph-daily-etf,CBOE,2026-06-16,1.18225255972696,-4.30471271788251,,,8.356725146198832
APHU,T-REX 2X Long APH Daily Target ETF,Amphenol Corporation,APH,2x,long,2026-02-19T03:40:23.072146+00:00,Single Stock,25.1597,11568.9,2422170,1.5,T-Rex,equity,2026-08-01T00:00:02.74+00:00,https://www.rexshares.com/APHU/,CBOE,2026-02-18,1.03404518476279,-0.942163077286508,True,Monthly,2.7345855451204675
APLX,Tradr 2X Long APLD Daily ETF,Applied Digital Corporation,APLD,2x,long,2025-08-27T00:36:36.784967+00:00,Single Stock,9.75,1356840,42891200,1.3,Tradr,equity,2026-08-01T00:00:02.74+00:00,https://www.tradretfs.com/aplx,CBOE,2025-09-08,-4.41176470588235,-45.8332775416092,True,Monthly,-18.75
APLZ,Tradr 2X Short APLD Daily ETF,Applied Digital Corporation,APLD,2x,short,2026-01-23T21:49:11.832579+00:00,Single Stock,24.46,181041,3552500,1.49,Tradr,equity,2026-08-01T00:00:02.74+00:00,https://www.tradretfs.com/APLZ,CBOE,2026-01-21,4.84354907843979,-80.0651996740016,True,Monthly,-11.054545454545451
APMI,Corgi AMAT 2x Daily ETF,Applied Materials,AMAT,2x,long,2026-07-07T18:14:27.922226+00:00,Single Stock,17.3281,0,193572,0.45,Corgi,equity,2026-08-01T00:00:02.74+00:00,https://corgifunds.com/apmi,AMEX,2026-07-07,3.26085013318714,-20.0733394833948,,,-12.33912744344166
APPC,Corgi APP 2x Daily ETF,AppLovin,APP,2x,long,2026-06-27T04:50:19.324698+00:00,Single Stock,18.4232,0,188114,0.45,Corgi,equity,2026-08-01T00:00:02.74+00:00,https://corgifunds.com/appc,CBOE,2026-06-26,-3.85253687100107,-40.5202444638873,,,2.0675900277008346
APPX,Tradr 2X Long APP Daily ETF,AppLovin Corp.,APP,2x,long,2025-08-27T00:49:08.102672+00:00,Single Stock,22.5324,378971,60587100,1.3,Tradr ETFs,equity,2026-08-01T00:00:02.74+00:00,https://www.tradretfs.com/APPX,NASDAQ,2025-04-24,-3.98875087883759,-79.1886949293433,True,Monthly,-1.9904306220095667
ARCX,Tradr 2X Long ACHR Daily ETF,Archer Aviation Inc.,ACHR,2x,long,2025-08-27T00:52:01.52462+00:00,Single Stock,9.622,35786,5285910,1.3,Tradr ETFs,equity,2026-08-01T00:00:02.74+00:00,https://www.tradretfs.com/ARCX,CBOE,2025-06-09,-4.08022888359435,-73.9734920205572,True,Monthly,-18.87015177065767
ARMA,Corgi ARM 2x Daily ETF,Arm Holdings,ARM,2x,long,2026-07-07T18:14:27.922152+00:00,Single Stock,11.2501,0,198706,0.45,Corgi,equity,2026-08-01T00:00:02.74+00:00,https://corgifunds.com/arma,CBOE,2026-06-30,-2.13645102081648,-58.7757420300476,,,-16.513795508853175
ARMG,Leverage Shares 2X Long ARM Daily ETF,,,2x,long,2025-08-27T00:36:36.784967+00:00,,16.53,1023910,47544800,0.78,Leverage Shares,equity,2026-08-01T00:00:02.74+00:00,,NASDAQ,,-1.25448028673834,171.428571428571,True,Monthly,-30.923526953614704
ARMW,Roundhill ARM WeeklyPay ETF,Arm Holdings plc,ARM,1.2x,long,2025-10-24T05:10:55.187078+00:00,Single Stock,41.49,96977.8,20763500,1,Roundhill,equity,2026-08-01T00:00:02.74+00:00,https://www.roundhillinvestments.com/etf/armw/,CBOE,2025-10-23,-1.33174791914387,48.2844889206576,True,,-18.790369935408105
ASMG,Leverage Shares 2X Long ASML Daily ETF,,,2x,long,2025-08-27T00:36:36.784967+00:00,,42.2,111891,31259900,0.77,Leverage Shares,equity,2026-08-01T00:00:02.74+00:00,,NASDAQ,,-2.63485764385583,67.7932405566601,True,Monthly,-17.962674961119742
ASMU,Direxion Daily ASML Bull 2X ETF,ASML Holding NV,ASML,2x,long,2026-02-12T19:08:19.323582+00:00,Single Stock,27.54,196360,14436000,0.97,Direxion,equity,2026-08-01T00:00:02.74+00:00,https://www.direxion.com/product/daily-asml-bull-leveraged-single-stock-etf,NASDAQ,2026-02-11,-2.65111346765642,6.62020905923345,,,-18.011312890741305
ASMZ,Corgi ASML 2x Daily ETF,ASML Holding,ASML,2x,long,2026-07-07T18:14:27.922144+00:00,Single Stock,18.131,0,163729,0.45,Corgi,equity,2026-08-01T00:00:02.74+00:00,https://corgifunds.com/asmz,CBOE,2026-06-30,-1.99406483278288,-34.3317638536762,,,-13.936488346703376
ASTG,Leverage Shares 2X Long ASTS Daily ETF,AST SpaceMobile Inc,ASTS,2x,long,2026-06-24T04:52:15.469055+00:00,Single Stock,8.1558,0,299016,0.99,Leverage Shares,equity,2026-08-01T00:00:02.74+00:00,https://leverageshares.com/us/etfs/leverage-shares-2x-long-asts-daily-etf,CBOE,2026-06-23,2.2709318218867,-49.7176325524044,,,0.06502668547941946
ASTN,Defiance Daily Target 2X Short ASTS ETF,AST SpaceMobile Inc,ASTS,2x,short,2026-02-05T19:39:19.214108+00:00,Single Stock,6.48,3345320,3670880,1.31,Defiance,equity,2026-08-01T00:00:02.74+00:00,https://www.defianceetfs.com/ASTN/,NYSE,2026-02-05,-2.11480362537764,-67.1232876712329,True,Monthly,-5.263157894736834
ASTT,Corgi ASTS 2x Daily ETF,AST SpaceMobile Inc,ASTS,2x,long,2026-06-27T04:50:19.324687+00:00,Single Stock,17.4373,0,141883,0.45,Corgi,equity,2026-08-01T00:00:02.74+00:00,https://corgifunds.com/astt,CBOE,2026-06-26,2.32676869630534,-51.4821925431274,,,8.58272619714801
ASTX,Tradr 2X Long ASTS Daily ETF,"AST SpaceMobile, Inc.",ASTS,2x,long,2025-08-27T00:52:46.936651+00:00,Single Stock,10.85,6059140,239168000,1.3,Tradr ETFs,equity,2026-08-01T00:00:02.74+00:00,https://www.tradretfs.com/ASTX,CBOE,2025-07-10,1.68697282099344,-74.5663384903891,True,Monthly,-4.23654015887026
ASTY,Defiance Daily Target 2X Long ASTS ETF,AST SpaceMobile Inc,ASTS,2x,long,2026-05-21T21:04:18.580103+00:00,Single Stock,5.91,230964,6996680,1.31,Defiance,equity,2026-08-01T00:00:02.74+00:00,https://www.defianceetfs.com/ASTY/,CBOE,2026-05-20,2.42456803174988,-71.5591915303176,,,-3.902439024390247
ASUP,T-REX 2X Long ASTS Daily Target ETF,AST SpaceMobile Inc,ASTS,2x,long,2026-05-21T21:04:18.580097+00:00,Single Stock,7.42,19381.7,607380,1.5,T-Rex,equity,2026-08-01T00:00:02.74+00:00,https://www.rexshares.com/ASUP/,CBOE,2026-05-21,1.22783083219645,-70.4970178926441,,,-1.0666666666666675
AVAZ,2x Avalanche (AVAX) ETF by Volatility Shares,AVAX/USD,,2x,long,2026-05-18T23:41:53.354648+00:00,Crypto-Linked,7.2693,934.633,287916,1.85,Volatility Shares,crypto,2026-08-01T00:00:02.74+00:00,https://www.volatilityshares.com/AVAZ,CBOE,2026-05-15,-1.2538035209737,-54.8742938729903,,,5.505079825834552
AVGC,Corgi AVGO 2x Daily ETF,Broadcom,AVGO,2x,long,2026-07-07T18:14:27.922138+00:00,Single Stock,26.7084,0,361364,0.45,Corgi,equity,2026-08-01T00:00:02.74+00:00,https://corgifunds.com/avgc,CBOE,2026-06-30,1.41095349472981,4.82103610675039,,,2.7246153846153884
AVGG,Leverage Shares 2x Long AVGO Daily ETF,Broadcom Inc.,AVGO,2x,long,2025-08-28T00:43:43.537889+00:00,Single Stock,28.2984,233688,49117400,0.76,Leverage Shares,equity,2026-08-01T00:00:02.74+00:00,https://leverageshares.com/us/etfs/leverage-shares-2x-long-avgo-daily-etf,NASDAQ,2025-05-16,1.06571428571429,0.885561497326204,True,Monthly,0.27781715095677545
AVGU,GraniteShares 2x Long AVGO Daily ETF,Broadcom Inc.,AVGO,2x,long,2026-07-29T21:36:21.018332+00:00,Single Stock,36.1531,95919.5,29120800,1.5,GraniteShares,equity,2026-08-01T00:00:02.74+00:00,https://graniteshares.com/institutional/us/en-us/etfs/avgu/,NASDAQ,2024-09-03,1.03372532361555,1.41122019635345,,,0.6489420935412035
AVGW,Roundhill AVGO WeeklyPay ETF,Broadcom Inc.,AVGO,1.2x,long,2025-08-23T14:31:10.680604+00:00,Single Stock,39.43,23015.4,43856100,1,Roundhill Investments,equity,2026-08-01T00:00:02.74+00:00,https://www.roundhillinvestments.com/etf/avgw,CBOE,2025-07-24,0.152400304800615,-19.5962479608483,True,Monthly,0.586734693877543
AVGX,Defiance Daily Target 2X Long AVGO ETF,,AVGO,2x,long,2026-07-29T21:36:21.018332+00:00,Single Stock,48.37,687304,196014000,1.3,Defiance ETFs,equity,2026-08-01T00:00:02.74+00:00,https://www.defianceetfs.com/AVGX/,NASDAQ,2024-08-21,0.875912408759113,-0.636811832374697,True,Monthly,0.23831727282145868
AVL,Dx Daily Avgo Bull 2X Shares,Broadcom Inc.,AVGO,2x,long,2025-08-23T14:31:00.095659+00:00,Single Stock,45.86,418325,174510000,1,Direxion Funds,equity,2026-08-01T00:00:02.74+00:00,https://www.direxion.com/product/daily-avgo-bull-and-bear-leveraged-single-stock-etfs,NASDAQ,2024-10-10,0.81336557485161,0.548125411094058,True,Monthly,0.07637752318602638
AVS,Dx Daily Avgo Bear 1X Shares,Broadcom Inc.,AVGO,1x,short,2025-08-23T14:28:46.463263+00:00,Single Stock,7.56,13352000,6374410,1.03,Direxion Funds,equity,2026-08-01T00:00:02.74+00:00,https://www.direxion.com/product/daily-avgo-bull-and-bear-leveraged-single-stock-etfs,NASDAQ,2024-10-10,-0.395256916996051,-18.3585313174946,,,-0.6570302233902853
AVXX,Defiance Daily Target 2x Long AVAV ETF,AeroVironment Inc,AVAV,2x,long,2025-10-27T02:32:05.132583+00:00,Single Stock,5.14,832959,10112400,1.31,Defiance,equity,2026-08-01T00:00:02.74+00:00,https://www.defianceetfs.com/avxx/,NASDAQ,2025-10-23,3.83838383838383,-79.6516231195566,,,-15.46052631578948
AXPG,Leverage Shares 2X Long AXP Daily ETF,American Express Company,AXP,2x,long,2026-02-20T03:33:05.409156+00:00,Single Stock,,,,0.75,Leverage Shares,equity,2026-07-29T21:36:21.018332+00:00,https://leverageshares.com/us/etfs/leverage-shares-2x-long-axp-daily-etf,NASDAQ,2026-02-19,,,,,
AXTC,Corgi AXTI 2x Daily ETF,"AXT, Inc",AXTI,2x,long,2026-07-07T18:14:27.922242+00:00,Single Stock,17.1979,0,142336,0.45,Corgi,equity,2026-08-01T00:00:02.74+00:00,https://corgifunds.com/axtc,AMEX,2026-07-07,57.9121827597605,-23.1206973625391,,,26.921771217712173
AXTL,Leverage Shares 2X Long AXTI Daily ETF,AXT Inc,AXTI,2x,long,2026-06-17T04:00:40.223399+00:00,Single Stock,2.83,265437,587000,0.99,Leverage Shares,equity,2026-08-01T00:00:02.74+00:00,https://leverageshares.com/us/etfs/leverage-shares-2x-long-axti-daily-etf,CBOE,2026-06-16,56.786703601108,-80.3472222222222,,,19.66173361522198
AXTU,T-REX 2X Long AXTI Daily Target ETF,AXT Inc,AXTI,2x,long,2026-05-06T06:10:16.26666+00:00,Single Stock,3.93,586514,3212420,1.5,T-Rex,equity,2026-08-01T00:00:02.74+00:00,https://www.rexshares.com/AXTU/,CBOE,2026-05-05,56.8862275449102,-85.1642129105323,True,Monthly,18.731117824773417
AXTX,Tradr 2X Long AXTI Daily ETF,"AXT, Inc",AXTI,2x,long,2026-04-28T01:00:30.969569+00:00,Single Stock,7.34,5832490,57240400,1.49,Tradr,equity,2026-08-01T00:00:02.74+00:00,https://www.tradretfs.com/AXTX,CBOE,2026-04-24,56.1702127659574,-67.8915135608049,True,Monthly,18.19645732689211
AZYY,GRANITESHARES YIELDBOOST AMZN ETF,"Amazon.com, Inc",AMZN,variable,long,2025-08-27T00:36:36.784967+00:00,Single Stock,14.4348,2649.6,2852010,1.07,GraniteShares,equity,2026-08-01T00:00:02.74+00:00,https://graniteshares.com/institutional/us/en-us/etfs/azyy/,NASDAQ,2025-09-16,-0.345877430979851,-29.7576642335767,True,,-0.791752577319598
BABC,Corgi BABA 2x Daily ETF,Alibaba Group Holding Limited,BABA,2x,long,2026-07-10T23:45:36.843822+00:00,Single Stock,29.7252,0,264544,0.45,Corgi,equity,2026-08-01T00:00:02.74+00:00,https://corgifunds.com/babc,AMEX,2026-07-10,10.4603070199886,15.8425565081839,,,17.746414155618318
BABU,Direxion Daily BABA Bull 2X ETF,Alibaba Group Holding Limited,BABA,2x,long,2026-02-12T19:08:19.323594+00:00,Single Stock,11.84,272557,6303010,0.97,Direxion,equity,2026-08-01T00:00:02.74+00:00,https://www.direxion.com/product/daily-baba-bull-leveraged-single-stock-etf,NASDAQ,2026-02-11,10.5436619455311,-51.2683001115396,,,16.535433070866137
BABW,Roundhill BABA WeeklyPay ETF,Alibaba Group Holding,BABA,1.2x,long,2025-10-24T05:10:55.187061+00:00,Single Stock,24.21,2550.37,1352510,1,Roundhill,equity,2026-08-01T00:00:02.74+00:00,https://www.roundhillinvestments.com/etf/babw/,CBOE,2025-10-23,6.2774363476734,-41.4361567024275,True,Monthly,8.619575751049865
BABX,GraniteShares 2x Long Alibaba ETF,Alibaba Group Holding Ltd,BABA,2x,long,2025-08-23T14:30:49.780381+00:00,,21.86,957145,91227000,1.15,GraniteShares,equity,2026-08-01T00:00:02.74+00:00,https://graniteshares.com/institutional/us/en-us/etfs/babx,NASDAQ,2022-12-13,10.29263370333,-44.0491425646276,True,Monthly,17.274678111587978
BAIG,Leverage Shares 2x Long BBAI Daily ETF,BigBear.ai,BBAI,2x,long,2025-08-27T01:27:00.179342+00:00,Single Stock,14.102,28012.1,6189920,0.78,Leverage Shares,equity,2026-08-01T00:00:02.74+00:00,https://leverageshares.com/us/etfs/leverage-shares-2x-long-bbai-daily-etf,NASDAQ,2025-08-21,-3.80890016643474,-84.8038793103448,True,Monthly,-7.345597897503287
BBUL,GraniteShares 2X LONG BB DAILY ETF,BlackBerry,BB,2x,long,2026-07-07T18:14:27.922181+00:00,Single Stock,13.1877,0,560011,1.5,GraniteShares,equity,2026-08-01T00:00:02.74+00:00,https://graniteshares.com/etfs/bbul/,NASDAQ,2026-07-07,1.01956398510869,-45.7965474722565,,,-5.072557657424209
BBYY,GraniteShares YieldBOOST BABA ETF,2x Long BABA Daily ETF,,variable,long,2025-10-24T05:10:55.187043+00:00,Single Stock,9.79,2667.27,687410,1.07,GraniteShares,equity,2026-08-01T00:00:02.74+00:00,https://graniteshares.com/institutional/us/en-us/etfs/bbyy/,NASDAQ,2025-10-21,-0.659563673262316,-50.2097902097902,,,1.7269685571188087
BDCX,ETRACS Quarterly Pay 1.5x Leveraged MarketVector BDC Liquid Index ETN,MarketVector US Business Development Companies Liquid Index,MVBIZD,1.5x,long,2025-08-27T01:06:40.580867+00:00,Exchange-traded Note,18.892,2124.47,6655110,1.9,UBS ETRACS,debt,2026-08-01T00:00:02.74+00:00,https://etracs.ubs.com/product/detail/index/ussymbol/BDCX,NYSE ARCA,2020-06-02,-0.190194420963659,-21.6427970020863,,,0.7165095747856837
BEC,Corgi BE 2x Daily ETF,Bloom Energy Corp,BE,2x,long,2026-07-01T04:22:00.898963+00:00,Single Stock,11.5932,0,113696,0.45,Corgi,equity,2026-08-01T00:00:02.74+00:00,https://corgifunds.com/bec,AMEX,2026-07-01,-0.237505163155718,-58.9039347749025,,,-8.607016160819873
BEG,Leverage Shares 2x Long BE Daily ETF,Bloom Energy Corp,BE,2x,long,2025-12-25T03:46:12.246041+00:00,Single Stock,32,355460,25233700,0.75,Leverage Shares,equity,2026-08-01T00:00:02.74+00:00,https://leverageshares.com/us/etfs/leverage-shares-2x-long-be-daily-etf/,NASDAQ,2025-12-16,-0.744416873449138,123.932820153954,True,Monthly,-15.130619281262426
BEGS,Rareview 2x Bull Cryptocurrency & Precious Metals ETF,,,2x,long,2025-08-27T00:36:36.784967+00:00,,13.3761,5164.13,2964130,0.99,Rareview Funds,,2026-08-01T00:00:02.74+00:00,,CBOE,,-4.44072954842582,-43.2012738853503,,,-1.7907488986784141
BERZ,MicroSectors FANG & Innovation -3X ETN,Solactive FANG Innovation Index,,3x,short,2025-08-23T14:28:15.617173+00:00,Basket of Stocks,27.58,77037.3,12029800,0.95,BMO Capital Markets,equity,2026-08-01T00:00:02.74+00:00,,AMEX,,-2.0596590909091,-49.1143911439114,,,2.1103295075897694
BEX,Tradr 2X Long BE Daily ETF,Bloom Energy Corp,BE,2x,long,2025-11-18T04:37:38.788947+00:00,Single Stock,22.85,2551830,106461000,1.3,Tradr,equity,2026-08-01T00:00:02.74+00:00,https://www.tradretfs.com/bex,CBOE,2025-11-12,-0.738488271068628,122.492697176242,True,Monthly,-16.514431859700398
BEZ,Tradr 2X Short BE Daily ETF,Bloom Energy Corp,BE,2x,short,2026-02-12T19:08:19.323579+00:00,Single Stock,12.78,1412510,11471800,1.49,Tradr,equity,2026-08-01T00:00:02.74+00:00,http://tradretfs.com/BEZ,CBOE,2026-02-10,1.02766798418972,-94.8715890850722,True,Monthly,-27.096406160867094
BIB,ProShares Ultra Nasdaq Biotechnology,Nasdaq Biotechnology Index,NBI,2x,long,2025-08-23T17:15:00.570569+00:00,Sector,96.6087,13362.8,79972700,0.95,ProShares,equity,2026-08-01T00:00:02.74+00:00,https://www.proshares.com/our-etfs/leveraged-and-inverse/bib,NASDAQ,2010-04-07,-3.69974970170544,20.760875,True,Monthly,-3.391300000000001
BIDG,Leverage Shares 2X Long BIDU Daily ETF,Baidu (ADR),BIDU,2x,long,2025-12-25T03:46:12.24606+00:00,Single Stock,10.4515,56658.9,2350580,0.75,Leverage Shares,equity,2026-08-01T00:00:02.74+00:00,https://leverageshares.com/us/etfs/leverage-shares-2x-long-bidu-daily-etf,NASDAQ,2025-12-18,6.85403482225924,-51.4561077566187,True,Monthly,9.900105152471077
BIOY,GraniteShares YieldBOOST Biotech ETF,3x Long Biotech Daily ETF,,variable,long,2026-05-06T06:10:16.266674+00:00,Sector,20.955,2495.83,636621,1.07,GraniteShares,equity,2026-08-01T00:00:02.74+00:00,https://graniteshares.com/etfs/bioy/,NASDAQ,2026-05-05,-3.15200813421455,-16.5804140127389,,,-1.1649844354306358
BIS,ProShares UltraShort Nasdaq Biotechnology,Nasdaq Biotechnology Index,NBI,2x,short,2025-08-23T17:15:00.570573+00:00,Sector,14.0235,7424.17,2274790,0.95,ProShares,equity,2026-08-01T00:00:02.74+00:00,https://www.proshares.com/our-etfs/leveraged-and-inverse/bis,NASDAQ,2010-04-07,3.64745011086475,-26.501572327044,True,Monthly,2.4360847333820366
BITI,ProShares Short Bitcoin ETF,Bitcoin,BTC,1x,short,2025-08-23T17:15:00.570578+00:00,Crypto-Linked,,,,1.03,ProShares,crypto,2026-07-29T21:36:21.018332+00:00,https://www.proshares.com/our-etfs/leveraged-and-inverse/biti,NYSE,2022-06-21,,,True,Monthly,
BITU,ProShares Ultra Bitcoin ETF,Bitcoin,BTC,2x,long,2025-08-23T17:15:00.570582+00:00,Crypto-Linked,9.08,4435470,345982000,0.95,ProShares,crypto,2026-08-01T00:00:02.74+00:00,https://www.proshares.com/our-etfs/leveraged-and-inverse/bitu,NYSE,2024-04-01,-5.8091286307054,-60.1054481546573,True,Monthly,-4.721930745015733
BITX,Volatility Shares 2x Bitcoin Strategy ETF,Bitcoin,BTC,2x,long,2026-07-29T21:36:21.018332+00:00,Crypto-Linked,11.66,8781840,876257000,2.75,Volatility Shares,crypto,2026-08-01T00:00:02.74+00:00,https://www.volatilityshares.com/BITX,CBOE,2023-06-27,-5.89184826472962,-59.3161200279135,True,Weekly,-4.50450450450451
BLSG,Leverage Shares 2X Long BLSH Daily ETF,Bullish,BLSH,2x,long,2025-10-28T03:11:28.540062+00:00,Single Stock,1.4175,118815,1221730,0.79,Leverage Shares,equity,2026-08-01T00:00:02.74+00:00,https://leverageshares.com/us/etfs/leverage-shares-2x-long-blsh-daily-etf/,NASDAQ,2025-10-27,-5.5,-78.5714285714286,True,Monthly,-19.68838526912181
BMNG,Leverage Shares 2X Long BMNR Daily ETF,"Bitmine Immersion Technologies, Inc",BMNR,2x,long,2025-10-28T03:11:28.540069+00:00,Single Stock,13.9379,991320,32965300,0.78,Leverage Shares,equity,2026-08-01T00:00:02.74+00:00,https://leverageshares.com/us/etfs/leverage-shares-2x-long-bmnr-daily-etf,NASDAQ,2025-10-27,-9.09334011648763,-79.3818047337278,True,Monthly,4.169656203288491
BMNU,T-REX 2X Long BMNR Daily Target ETF,"Bitmine Immersion Technologies, Inc",BMNR,2x,long,2025-09-27T23:11:42.514047+00:00,Single Stock,10.2,5168330,208137000,1.5,T-Rex,equity,2026-08-01T00:00:02.74+00:00,https://www.rexshares.com/bmnu/,AMEX,2025-09-26,-8.68397493285587,-79.7216699801193,True,Monthly,5.154639175257732
BMNZ,Defiance Daily Target 2X Short BMNR ETF,BitMine Immersion Technologies,BMNR,2x,short,2025-11-18T04:37:38.788956+00:00,Single Stock,14.29,720361,14720000,1.31,Defiance,equity,2026-08-01T00:00:02.74+00:00,https://www.defianceetfs.com/BMNZ/,AMEX,2025-11-12,9.00076277650648,-36.105522021015,,,-18.249427917620142
BNKD,MicroSectors U.S. Big Banks -3 Inverse Leveraged ETN,Solactive MicroSectors U.S. Big Banks Index,,3x,short,2025-08-27T00:36:36.784967+00:00,,28.3368,349.233,976266,2.6,REX Microsectors,equity,2026-08-01T00:00:02.74+00:00,,AMEX,,-1.36757432204305,-41.5699940202487,,,1.2028571428571435
BNKU,MicroSectors U.S. Big Banks 3 Leveraged ETN,Solactive MicroSectors U.S. Big Banks Index,,3x,,2025-08-27T00:36:36.784967+00:00,,43.8595,15094.5,40938700,2.6,REX Microsectors,equity,2026-08-01T00:00:02.74+00:00,,AMEX,,1.29612479011878,40.7557766367137,,,-0.635478024467611
BNMC,Corgi BMNR 2x Daily ETF,"BitMine Immersion Technologies, Inc.",BMNR,2x,long,2026-07-10T23:45:36.843807+00:00,Single Stock,32.2761,0,301382,0.45,Corgi,equity,2026-08-01T00:00:02.74+00:00,https://corgifunds.com/bnmc,AMEX,2026-07-10,-9.79290106204584,21.5214608433735,,,15.337692967409941
BOEG,Leverage Shares 2x Long BA Daily ETF,Boeing,BA,2x,long,2025-08-28T00:42:15.99841+00:00,Single Stock,13.14,36875.6,4193600,0.77,Leverage Shares,equity,2026-08-01T00:00:02.74+00:00,https://leverageshares.com/us/etfs/leverage-shares-2x-long-ba-daily-etf,NASDAQ,2025-06-13,-4.53842074291484,-12.1916014006576,,,5.797101449275367
BOEU,Direxion Daily BA Bull 2X Shares,Boeing Company,,2x,long,2025-08-27T00:36:36.784967+00:00,,33.256,22297.1,21161800,1.06,Direxion,equity,2026-08-01T00:00:02.74+00:00,,NASDAQ,,-4.25795307326903,-13.5758835758836,,,5.893965928992196
BOIL,ProShares Ultra Bloomberg Natural Gas,Bloomberg Natural Gas Subindex,BCOMNG,2x,long,2025-08-23T17:15:00.570585+00:00,Commodity,20.52,4144080,362171000,0.95,ProShares,commodity,2026-08-01T00:00:02.74+00:00,https://www.proshares.com/our-etfs/leveraged-and-inverse/boil,NYSE,2011-10-04,1.23334977799704,-52.9896907216495,True,Weekly,-13.417721518987342
BRKL,Corgi BRKB 2x Daily ETF,Berkshire Hathaway,BRKB,2x,long,2026-07-07T18:14:27.922208+00:00,Single Stock,25.248,0,375410,0.45,Corgi,equity,2026-08-01T00:00:02.74+00:00,https://corgifunds.com/brkl,AMEX,2026-07-07,0.847989071605757,1.4790996784566,,,6.616218772697332
BRKU,Direxion Daily BRKB Bull 2X Shares,Berkshire Hathaway Inc.,,2x,long,2025-08-27T00:36:36.784967+00:00,,23.8385,73207,42489000,1.02,Direxion,equity,2026-08-01T00:00:02.74+00:00,,NASDAQ,,0.985774682493291,-3.91575977428456,,,9.00091449474165
BRKW,Roundhill BRKB Weeklypay ETF,Berkshire Hathaway Inc.,BRK.B,1.2x,long,2025-08-23T14:31:10.680631+00:00,Single Stock,40.17,3629.73,15233800,1,Roundhill Investments,equity,2026-08-01T00:00:02.74+00:00,https://www.roundhillinvestments.com/etf/brkw,CBOE,2025-06-18,0.14334683702089,-9.89232839838492,True,Monthly,3.1057494866529796
BRZU,Direxion Daily MSCI Brazil Bull 3X Shares,MSCI Brazil 25-50,,3x,long,2025-08-23T14:31:00.095654+00:00,,99.4964,17386.3,98682400,1.32,Direxion Funds,equity,2026-08-01T00:00:02.74+00:00,,NYSE,,0.982970305872744,22.1564149785144,True,Monthly,4.0975099393178445
BRZX,Corgi Brazil 2x Daily ETF,,,2x,long,2026-06-04T05:35:44.539288+00:00,Broad Market,26.0678,99.5,366310,0.45,Global X,equity,2026-08-01T00:00:02.74+00:00,https://corgifunds.com/brzx,CBOE,2026-06-03,0.808235494299812,11.2582159624413,,,5.003282888297196
BTCL,T-Rex 2x Long Bitcoin Daily Mutual Fund,Bitcoin,BTC,2x,long,2025-08-23T14:31:10.680431+00:00,Crypto-Linked,11.9582,79892.3,22218700,0.95,REX,crypto,2026-08-01T00:00:02.74+00:00,https://www.rexshares.com/btcl,CBOE,2024-07-10,-5.61799526440411,-60.0461075843635,True,Monthly,-4.639553429027109
BTCU,Direxion Daily Bitcoin Bull 2X ETF,Bitcoin,BTC,2x,long,2026-05-27T22:07:01.595237+00:00,Crypto-Linked,16.2436,16245.1,4151780,1.13,Direxion,crypto,2026-08-01T00:00:02.74+00:00,https://www.direxion.com/product/daily-bitcoin-bull-2x-etf,AMEX,2026-05-27,-5.73693434384465,-33.1539094650206,,,-4.449411764705879
BTCZ,T-Rex 2x Inverse Bitcoin Daily Fund,Bitcoin,BTC,2x,short,2025-08-23T14:31:10.680643+00:00,Crypto-Linked,5.66,24758000,23405500,0.95,REX,crypto,2026-08-01T00:00:02.74+00:00,https://www.rexshares.com/btcz,CBOE,2024-07-10,5.99250936329589,38.7254901960784,True,Monthly,4.044117647058819
BTDL,GraniteShares 2x Long BTDR Daily ETF,Bitdeer Technologies Group,BTDR,2x,long,2026-07-15T04:03:57.391776+00:00,Single Stock,16.5645,0,742812,1.5,GraniteShares,equity,2026-08-01T00:00:02.74+00:00,https://graniteshares.com/institutional/us/en-us/etfs/btdl,NASDAQ,2026-07-14,-10.0444767868101,-36.0685918069611,,,-23.43337601286858
BTGD,STKd 100% Bitcoin & 100% Gold ETF,Bitcoin + Gold,,2x,long,2025-08-27T00:36:36.784967+00:00,Crypto-Linked,20.57,20581.7,40929700,1.05,Stacked,misc,2026-08-01T00:00:02.74+00:00,https://quantifyfunds.com/stackedbitcoingoldetf/btgd/,NASDAQ,2024-10-15,-4.19591167580306,-41.6122622764689,True,Monthly,-2.5580293699668366
BULG,Leverage Shares 2x Long BULL Daily ETF,BULL stock,BULL,2x,long,2025-08-27T01:28:23.066112+00:00,Single Stock,36.4863,3578.93,5579500,0.87,Leverage Shares,equity,2026-08-01T00:00:02.74+00:00,https://leverageshares.com/us/etfs/leverage-shares-2x-long-bull-daily-etf,NASDAQ,2025-08-11,-1.73205061218333,-45.3797904191617,True,Monthly,-13.086469747498802
BULZ,MicroSectors FANG & Innovation 3X Leveraged ETNs,Solactive FANG Innovation Index,,3x,long,2025-08-23T14:30:29.211733+00:00,Index,29.59,943860,2094080000,0.95,BMO Capital Markets,equity,2026-08-01T00:00:02.74+00:00,https://www.bmoetns.com/ETN/BULZ.P/,NYSE,2021-08-20,1.92903892524974,9.94278070892472,,,-7.646691635455679
BZQ,ProShares UltraShort MSCI Brazil Capped,MSCI Brazil 25/50 Capped Index,,2x,short,2025-08-23T17:15:00.570588+00:00,International,20.2502,5342.17,2488530,0.95,ProShares,equity,2026-08-01T00:00:02.74+00:00,https://www.proshares.com/our-etfs/leveraged-and-inverse/bzq,NYSE,2009-06-16,-1.13751757537885,-31.5409060175794,True,Monthly,-5.017823639774862
CAMC,Corgi CAMT 2x Daily ETF,Camtek Ltd,CAMT,2x,long,2026-06-25T03:44:09.240289+00:00,Single Stock,14.1069,0,195086,0.45,Corgi,equity,2026-08-01T00:00:02.74+00:00,https://corgifunds.com/camc,CBOE,2026-06-24,-6.61578281908872,-42.4912352221769,,,-21.44153876996414
CARD,MAX Auto Industry -3x Inverse Leveraged ETN,Prime Auto Industry Index - Benchmark TR Net,,3x,short,2025-08-27T00:36:36.784967+00:00,,2.45,17591.7,1340880,0.95,Max,equity,2026-08-01T00:00:02.74+00:00,,AMEX,,3.59408033826638,-8.06754221388367,,,-8.239700374531827
CARU,Max Auto Industry 3X Leveraged ETN,Prime Auto Industry Index,,3x,long,2025-08-23T14:30:08.678914+00:00,,22.61,1178.1,4006710,0.95,Bank of Montreal,equity,2026-08-01T00:00:02.74+00:00,,NYSE,,-3.37606837606837,-25.9647341966961,,,8.337326305701955
CARX,Corgi CART 2x Daily ETF,Maplebear Inc,CART,2x,long,2026-06-25T03:44:09.240258+00:00,Single Stock,22.7757,0,238915,0.45,Corgi,equity,2026-08-01T00:00:02.74+00:00,https://corgifunds.com/carx,CBOE,2026-06-24,-0.753422866754392,-13.5647058823529,,,10.611049594964737
CATG,Leverage Shares 2X Long CAT Daily ETF,Caterpillar Inc.,CAT,2x,long,2026-05-12T21:33:48.498911+00:00,Single Stock,10.72,53223.9,2482200,0.75,Leverage Shares,equity,2026-08-01T00:00:02.74+00:00,https://leverageshares.com/us/etfs/leverage-shares-2x-long-cat-daily-etf,CBOE,2026-05-12,1.22757318224741,-28.0536912751678,True,,-17.980107115531748
CBRG,LeverageShares 2x Long CBRS ETF,"Cerebras Systems, Inc",CBRS,2x,long,2026-05-18T23:41:53.354649+00:00,Single Stock,4.025,10196300,38480900,0.75,Leverage Shares,equity,2026-08-01T00:00:02.74+00:00,https://leverageshares.com/us/etfs/leverage-shares-2x-long-cbrs-daily-etf,CBOE,2026-05-15,-4.16666666666666,-70.7272727272727,True,Monthly,-18.850806451612893
CBRX,Tradr 2X Long CBRS Daily ETF,Cerebras Systems Inc,CBRS,2x,long,2026-05-30T04:24:51.657708+00:00,Single Stock,11.89,233351,2665320,1.49,Tradr,equity,2026-08-01T00:00:02.74+00:00,https://www.tradretfs.com/CBRX,CBOE,2026-05-28,-4.7275641025641,-47.1555555555556,True,Monthly,-18.505825908156268
CBRZ,Tradr 2X Short CBRS Daily ETF,Cerebras Systems Inc,CBRS,2x,short,2026-05-30T04:24:51.657711+00:00,Single Stock,13.09,349408,9780560,1.49,Tradr,equity,2026-08-01T00:00:02.74+00:00,https://www.tradretfs.com/CBRZ,CBOE,2026-05-28,4.97193263833199,-52.1739130434783,True,Monthly,-7.031250000000002
CCPX,Corgi China 2x Daily ETF,,,2x,long,2026-06-04T05:35:44.539226+00:00,Broad Market,25.0333,43.3667,490190,0.45,Corgi,equity,2026-08-01T00:00:02.74+00:00,https://corgifunds.com/ccpx,CBOE,2026-06-03,-0.0259586737913205,4.47954924874791,,,11.081380901668437
CCUP,T-REX 2X Long CRCL Daily Target ETF,"Circle Internet Group, Inc.",CRCL,2x,long,2026-07-29T21:36:21.018332+00:00,Single Stock,1.38,6902190,25881300,1.5,REX,equity,2026-08-01T00:00:02.74+00:00,https://www.rexshares.com/CCUP,CBOE,2025-08-11,-5.80204778156998,-69.2650334075724,True,Monthly,0.3636363636363559
CDNG,Leverage Shares 2X Long CDNS Daily ETF,Cadence Design Systems,CDNS,2x,long,2026-06-24T04:52:15.469064+00:00,Single Stock,11.01,0,158426,0.75,Leverage Shares,equity,2026-08-01T00:00:02.74+00:00,https://leverageshares.com/us/etfs/leverage-shares-2x-long-cdns-daily-etf,CBOE,2026-06-23,4.55840455840456,-24.6406570841889,,,5.966256340169964
CEFD,ETRACS Monthly Pay 1.5X Leveraged Closed-End Fund Index ETN,SNET Composite Closed-End Fund Index,,1.5x,long,2025-08-23T14:31:10.680527+00:00,Index,18.7862,1247.27,7333880,1.9,UBS ETRACS,misc,2026-08-01T00:00:02.74+00:00,https://etracs.ubs.com/product/detail/index/ussymbol/CEFD,NYSE,2020-06-02,0.645029947819006,-2.66217616580311,,,0.300053390282971
CEGX,Tradr 2X Long CEG Daily ETF,Constellation Energy Corp. common shares,CEG,2x,long,2025-08-27T00:54:03.090005+00:00,Single Stock,12.79,144904,16520900,1.3,Tradr ETFs,equity,2026-08-01T00:00:02.74+00:00,https://www.tradretfs.com/CEGX,CBOE,2025-07-10,-0.156128024980495,-55.7286258220838,True,Monthly,-10.119465917076607
CHAU,Direxion Daily CSI 300 China A Share Bull 2X Shares,China Shenzhen SE / CSI 300 Index,,2x,long,2025-08-23T14:31:00.095621+00:00,,21.53,139473,88754400,1.19,Direxion Funds,equity,2026-08-01T00:00:02.74+00:00,,NYSE,,-0.554272517321004,0,True,Monthly,-1.6445865692096822
CHNU,2x Chainlink ETF by Volatility Shares,Chainlink,LINK,2x,long,2026-04-02T17:00:16.565525+00:00,Crypto-Linked,15.0724,3789.43,774070,1.85,Volatility Shares,crypto,2026-08-01T00:00:02.74+00:00,https://www.volatilityshares.com/CHNU,CBOE,2026-04-01,-7.78586723768736,-27.744966442953,,,-4.905993690851733
CIEG,Leverage Shares 2X Long CIEN Daily ETF,Ciena Corporation,CIEN,2x,long,2026-05-12T21:33:48.498945+00:00,Single Stock,5.23,367005,7917900,0.75,Leverage Shares,equity,2026-08-01T00:00:02.74+00:00,https://leverageshares.com/us/etfs/leverage-shares-2x-long-cien-daily-etf,CBOE,2026-05-12,2.54901960784315,-63.4521313766597,True,Monthly,-13.838550247116967
CIEX,Tradr 2X Long CIEN Daily ETF,Ciena Corporation,CIEN,2x,long,2026-07-07T18:14:27.922128+00:00,Single Stock,13.7805,0,106675,1.49,Tradr,equity,2026-08-01T00:00:02.74+00:00,https://www.tradretfs.com/CIEX,CBOE,2026-06-30,3.57540135890806,-40.0587211831231,,,-13.007385897354961
CIFC,Corgi CIFR 2x Daily ETF,Cipher Digital Inc,CIFR,2x,long,2026-07-07T18:14:27.922172+00:00,Single Stock,16.3499,0,160906,0.45,Corgi,equity,2026-08-01T00:00:02.74+00:00,https://corgifunds.com/cifc,CBOE,2026-06-30,-1.6204149417541,-31.7901543596162,,,-30.2776119402985
CIFG,Leverage Shares 2X Long CIFR Daily ETF,Cipher Mining Inc,CIFR,2x,long,2025-12-25T03:46:12.246084+00:00,Single Stock,9.09,175474,2840640,0.75,Leverage Shares,equity,2026-08-01T00:00:02.74+00:00,https://leverageshares.com/us/etfs/leverage-shares-2x-long-cifr-daily-etf,NASDAQ,2025-12-11,-4.31578947368421,-1.08813928182807,True,Monthly,-29.31570762052877
CIFU,T-REX 2X Long CIFR Daily Target ETF,Cipher Mining Inc,CIFR,2x,long,2025-11-26T06:37:35.500072+00:00,Single Stock,22.25,214555,8071740,1.5,T-Rex,equity,2026-08-01T00:00:02.74+00:00,https://www.rexshares.com/CIFU/,CBOE,2025-11-21,-3.17667536988686,-1.7226148409894,True,Monthly,-29.477020602218705
CIR,Corgi CRCL 2x Daily ETF,Circle Internet Group,CRCL,2x,long,2026-07-07T18:14:27.922205+00:00,Single Stock,19.6425,0,380804,0.45,Corgi,equity,2026-08-01T00:00:02.74+00:00,https://corgifunds.com/cir,AMEX,2026-07-07,-6.24060258044192,-17.3295454545455,,,3.2728706624605612
CLSX,Tradr 2X Long CLSK Daily ETF,"CleanSpark, Inc",CLSK,2x,long,2025-08-27T00:36:36.784967+00:00,Single Stock,16.08,294293,16717300,1.3,Tradr,equity,2026-08-01T00:00:02.74+00:00,https://www.tradretfs.com/CLSX,CBOE,2025-09-15,-11.3561190738699,-5.85480093676815,True,Monthly,-26.170798898071634
CMGG,Leverage Shares 2X Long CMG Daily ETF,"Chipotle Mexican Grill, Inc.",CMG,2x,long,2025-11-18T04:37:38.789016+00:00,Single Stock,,,,0.75,Leverage Shares,equity,2026-07-29T21:36:21.018332+00:00,https://leverageshares.com/us/etfs/leverage-shares-2x-long-cmg-daily-etf,NASDAQ,2025-11-17,,,True,Monthly,
CNCG,Leverage Shares 2X Long CNC Daily ETF,Centene Corporation,CNC,2x,long,2025-12-25T03:46:12.246065+00:00,Single Stock,,,,0.75,Leverage Shares,equity,2026-07-29T21:36:21.018332+00:00,https://leverageshares.com/us/etfs/leverage-shares-2x-long-cnc-daily-etf,NASDAQ,2025-12-18,,,True,,
COHC,Corgi COHR 2x Daily ETF,Coherent Corp,COHR,2x,long,2026-07-07T18:14:27.922239+00:00,Single Stock,14.255,0,204950,0.45,Corgi,equity,2026-08-01T00:00:02.74+00:00,https://corgifunds.com/cohc,AMEX,2026-07-07,12.1557828481511,-35.4977375565611,,,-22.48504622077216
COHH,Leverage Shares 2X Long COHR Daily ETF,Coherent Corp.,COHR,2x,long,2026-05-12T21:33:48.498915+00:00,Single Stock,5.61,406995,6085350,0.75,Leverage Shares,equity,2026-08-01T00:00:02.74+00:00,https://leverageshares.com/us/etfs/leverage-shares-2x-long-cohr-daily-etf,CBOE,2026-05-12,11.0891089108911,-60.9603340292275,True,Monthly,-29.52261306532663
COHX,Tradr 2X Long COHR Daily ETF,Coherent Corp,COHR,2x,long,2026-02-20T03:33:05.409162+00:00,Single Stock,22.42,476392,33117600,1.49,Tradr,equity,2026-08-01T00:00:02.74+00:00,https://www.tradretfs.com/COHX,CBOE,2026-02-18,11.2103174603175,-7.2403806371535,True,Monthly,-29.959387691346446
COIA,ProShares Ultra COIN,"Coinbase Global, Inc",COIN,2x,long,2025-08-27T00:36:36.784967+00:00,Single Stock,6.09,60692.6,1445580,0.95,ProShares,equity,2026-08-01T00:00:02.74+00:00,https://www.proshares.com/our-etfs/leveraged-and-inverse/coia,AMEX,2025-09-08,-21.1139896373057,-74.5399209023487,,,-19.015957446808507
COIG,Leverage Shares 2X Long COIN Daily ETF,"Coinbase Global, Inc.",COIN,2x,long,2025-08-27T00:36:36.784967+00:00,Single Stock,3.9,170458,7736800,0.78,Leverage Shares,equity,2026-08-01T00:00:02.74+00:00,https://leverageshares.com/us/etfs/leverage-shares-2x-long-coin-daily-etf/,NASDAQ,2025-03-14,-21.8154845435227,-73.7550471063257,True,Monthly,-19.587628865979376
COIW,COIN WeeklyPay ETF,Coinbase,COIN,1.2x,long,2025-08-27T01:18:58.396906+00:00,Single Stock,7.57,127062,34043800,0.99,Roundhill Investments,equity,2026-08-01T00:00:02.74+00:00,https://www.roundhillinvestments.com/etf/COIW,CBOE,2025-02-19,-12.7880184331797,-62.855740922473,True,Monthly,-11.045828437132778
COIX,Corgi COIN 2x Daily ETF,Coinbase Global,COIN,2x,long,2026-06-27T04:50:19.324702+00:00,Single Stock,25.1578,0,300550,0.45,Corgi,equity,2026-08-01T00:00:02.74+00:00,https://corgifunds.com/coix,CBOE,2026-06-26,-19.9588942162381,-10.6735927907712,,,-14.805383036796727
CONI,GraniteShares 2x Short COIN Daily ETF,Coinbase Global Inc.,COIN,2x,short,2026-07-29T21:36:21.018332+00:00,Single Stock,54.2576,155355,12314000,1.15,GraniteShares,equity,2026-08-01T00:00:02.74+00:00,https://graniteshares.com/institutional/us/en-us/etfs/coni/,NASDAQ,2024-09-03,20.8948306595365,-17.3406459475929,True,Monthly,13.03666666666666
CONL,GraniteShares 2x Long Coin ETF,Coinbase Global Inc,,2x,long,2025-08-23T14:30:49.780365+00:00,,4,18424600,474874000,1.04,GraniteShares,equity,2026-08-01T00:00:02.74+00:00,https://graniteshares.com/institutional/us/en-us/etfs/conl,NASDAQ,2022-08-09,-21.1045364891519,-73.718791064389,True,Weekly,-19.028340080971667
CONX,Direxion Daily COIN Bull 2X ETF,Coinbase Global Inc,COIN,2x,long,2025-11-26T06:37:35.500041+00:00,Single Stock,4.9056,103280,4431010,0.97,Direxion,equity,2026-08-01T00:00:02.74+00:00,https://www.direxion.com/product/daily-coin-bull-leveraged-single-stock-etf,NASDAQ,2025-11-19,-20.5313461849992,-73.4113821138211,,,-17.69127516778524
COPZ,Defiance Daily Target 2x Long Copper ETF,Global X Copper Miners ETF,COPX,2x,long,2026-02-19T03:40:23.07215+00:00,Basket of Stocks,13.95,29370.5,5510060,0.95,Defiance,equity,2026-08-01T00:00:02.74+00:00,https://www.defianceetfs.com/COPZ/,AMEX,2026-02-17,-1.82969739619987,-33.1255992329818,,,0.46813107670147286
CORD,T-REX 2X Inverse CRWV Daily Target ETF,"CoreWeave, Inc",CRWV,2x,short,2025-09-27T23:11:42.514056+00:00,Single Stock,7.08,3960470,17556700,1.5,T-Rex,equity,2026-08-01T00:00:02.74+00:00,https://www.rexshares.com/cord/,AMEX,2025-09-26,5.98802395209581,-81.0998398291511,True,,-3.6734693877550963
COSW,Roundhill COST WeeklyPay ETF,Costco Wholesale,COST,1.2x,long,2025-10-24T05:10:55.18707+00:00,Single Stock,40.2,4145.47,11187100,0.99,Roundhill,equity,2026-08-01T00:00:02.74+00:00,https://www.roundhillinvestments.com/etf/cosw/,CBOE,2025-10-23,-0.589046990222114,-5.43401552575863,True,Monthly,2.030456852791889
COTG,Leverage Shares 2X Long COST Daily ETF,Costco Wholesale,COST,2x,long,2025-08-27T00:36:36.784967+00:00,Single Stock,13.0009,99303.6,9942020,0.77,Leverage Shares,equity,2026-08-01T00:00:02.74+00:00,https://leverageshares.com/us/etfs/leverage-shares-2x-long-cost-daily-etf/,NASDAQ,2025-09-18,-0.68294844274004,12.2702936096718,,,5.270445344129555
COYY,GraniteShares YieldBOOST COIN ETF,"Coinbase Global, Inc",COIN,variable,long,2026-07-29T21:36:21.018332+00:00,Single Stock,16.9599,17431.1,19679900,1.07,GraniteShares,equity,2026-08-01T00:00:02.74+00:00,https://graniteshares.com/institutional/us/en-us/etfs/coyy/,,2025-07-28,-4.93329596412555,-63.3853626943005,True,Monthly,-4.986554621848741
COZX,Tradr 2X Long CORZ Daily ETF,"Core Scientific, Inc",CORZ,2x,long,2025-11-06T23:54:42.25891+00:00,Single Stock,12.88,73229.8,1523480,1.3,Tradr,equity,2026-08-01T00:00:02.74+00:00,https://www.tradretfs.com/COZX,CBOE,2025-11-04,-9.34046596748082,21.3949104618285,True,Monthly,-26.859738784781367
CPNX,Tradr 2X Long CPNG Daily ETF,"Coupang, Inc",CPNG,2x,long,2026-04-28T01:00:30.969566+00:00,Single Stock,13.8814,10292.7,1368790,1.49,Tradr,equity,2026-08-01T00:00:02.74+00:00,https://www.tradretfs.com/CPNX,CBOE,2026-04-24,3.06184571980102,-43.8922257342183,True,Monthly,9.561168113654295
CPXR,USCF Daily Target 2X Copper Index ETF,Copper,,2x,long,2025-08-23T14:27:54.786904+00:00,Commodity,31.8196,11892.1,12915800,1.22,USCF Investments,commodity,2026-08-01T00:00:02.74+00:00,https://cpxretf.com/,NYSE,2025-01-21,1.3108167053512,18.8629062383265,True,Monthly,6.100700233411146
CRCA,ProShares Ultra CRCL,"Circle Internet Group, Inc.",CRCL,2x,long,2025-08-23T17:15:00.57059+00:00,Single Stock,11.85,1418640,75812300,0.95,ProShares,equity,2026-08-01T00:00:02.74+00:00,https://www.proshares.com/our-etfs/leveraged-and-inverse/crca,,2025-08-06,-5.2,-71.5827338129496,True,Monthly,1.5424164524421569
CRCD,T-REX 2X Inverse CRCL Daily Target ETF,"Circle Internet Group, Inc.",CRCL,2x,short,2025-09-27T23:11:42.514053+00:00,Single Stock,5.94,1713930,6710800,1.5,T-Rex,equity,2026-08-01T00:00:02.74+00:00,https://www.rexshares.com/CRCD/,AMEX,2025-09-26,4.76190476190477,-82.1030430852666,True,Monthly,-4.807692307692305
CRCG,Leverage Shares 2x Long CRCL Daily ETF,"Circle Internet Group, Inc.",CRCL,2x,long,2025-08-28T00:39:11.711728+00:00,Single Stock,8.01,3492110,80752100,0.78,Leverage Shares,equity,2026-08-01T00:00:02.74+00:00,https://leverageshares.com/us/etfs/leverage-shares-2x-long-crcl-daily-etf,NASDAQ,2025-08-11,-5.43093270365999,-70.1119402985075,True,Monthly,1.2642225031605518
CRD,Corgi CRDO 2x Daily ETF,Credo Technology Group Holding Ltd,CRDO,2x,long,2026-07-15T21:29:16.989937+00:00,Single Stock,18.0871,0,200552,0.45,Corgi,equity,2026-08-01T00:00:02.74+00:00,https://corgifunds.com/crd,CBOE,2026-07-14,7.25018381916937,-28.4812178726769,,,-15.559757236227831
CRDU,Tradr 2X Long CRDO Daily ETF,Credo Technology Group Holding,CRDO,2x,long,2025-08-27T00:36:36.784967+00:00,Single Stock,12.445,1706430,61457300,1.3,Tradr,equity,2026-08-01T00:00:02.74+00:00,https://www.tradretfs.com/CRDU,CBOE,2025-09-15,5.64516129032259,4.36058700209643,True,Monthly,-22.21875
CRDX,2x Cardano ETF by Volatility Shares,Cardano,ADA,2x,long,2026-04-02T17:00:55.139635+00:00,Crypto-Linked,7.45,26136.9,815221,1.85,Volatility Shares,crypto,2026-08-01T00:00:02.74+00:00,https://www.volatilityshares.com/CRDX,CBOE,2026-04-01,-3.37224383916991,-64.7920604914934,,,-1.585204755614268
CRMG,Leverage Shares 2x Long CRM Daily ETF,Salesforce,CRM,2x,long,2025-08-28T00:45:49.516451+00:00,Single Stock,5.46,4997530,54987800,0.78,Leverage Shares,equity,2026-08-01T00:00:02.74+00:00,https://leverageshares.com/us/etfs/leverage-shares-2x-long-crm-daily-etf,NASDAQ,2025-04-04,3.8022813688213,-60.1168736303871,True,Monthly,31.249999999999993
CRMU,Leverage Shares 2x Long CRML Daily ETF,Critical Metals Corp,CRML,2x,long,2026-02-10T22:54:57.261006+00:00,Single Stock,1.5417,115616,1039530,0.75,Leverage Shares,equity,2026-08-01T00:00:02.74+00:00,https://leverageshares.com/us/etfs/leverage-shares-2x-long-crml-daily-etf,NASDAQ,2026-02-10,-3.129123468426,-89.8904918032787,,,-24.054187192118214
CRMX,Tradr 2X Long CRML Daily ETF,Critical Metals Corp,CRML,2x,long,2026-01-14T05:56:23.904373+00:00,Single Stock,3.62,117210,4754000,1.49,Tradr,equity,2026-08-01T00:00:02.74+00:00,https://www.tradretfs.com/CRMX,CBOE,2026-01-13,-3.46666666666666,-94.9617258176757,True,Monthly,-20.78774617067834
CRSH,YieldMax Short TSLA Option Income Strategy ETF,Tesla Inc,TSLA,variable,short,2025-08-27T00:36:36.784967+00:00,equity,23.3555,16531.3,17855200,1.05,YieldMax,equity,2026-08-01T00:00:02.74+00:00,https://www.yieldmaxetfs.com/our-etfs/crsh/,AMEX,2024-05-01,-0.927288846657994,-7.50297029702971,True,Monthly,-0.23280649295173378
CRUC,Corgi CRUS 2x Daily ETF,Cirrus Logic,CRUS,2x,long,2026-06-25T03:44:09.240255+00:00,Single Stock,16.3853,0,264342,0.45,Corgi,equity,2026-08-01T00:00:02.74+00:00,https://corgifunds.com/cruc,CBOE,2026-06-24,-3.7336670426772,-33.8769168684423,,,-8.154147982062776
CRWC,Corgi CRWD 2x Daily ETF,"CrowdStrike Holdings, Inc.",CRWD,2x,long,2026-07-15T21:29:16.989927+00:00,Single Stock,25.2431,0,222988,0.45,Corgi,equity,2026-08-01T00:00:02.74+00:00,https://corgifunds.com/crwc,CBOE,2026-07-14,6.54738539332007,-17.1270518713066,,,9.609639600521048
CRWG,Leverage Shares 2x Long CRWV Daily ETF,CoreWeave,CRWV,2x,long,2025-08-28T00:40:00.360351+00:00,Single Stock,14.49,1477510,77278200,0.77,Leverage Shares,equity,2026-08-01T00:00:02.74+00:00,https://leverageshares.com/us/etfs/leverage-shares-2x-long-crwv-daily-etf,NASDAQ,2025-08-11,-5.78673602080625,-49.8615916955017,True,Monthly,-23.51543942992874
CRWL,GraniteShares 2x Long CRWD Daily ETF,CrowdStrike Holdings Inc.,CRWD,2x,long,2026-07-29T21:36:21.018332+00:00,Single Stock,61.1848,113493,36849300,1.5,GraniteShares,equity,2026-08-01T00:00:02.74+00:00,https://graniteshares.com/institutional/us/en-us/etfs/crwl/,NASDAQ,2024-09-03,6.03253165302805,93.8681875792142,True,Monthly,5.527423249396354
CRWU,T-REX 2X Long CRWV Daily Target ETF,"CoreWeave, Inc",CRWV,2x,long,2025-08-23T14:31:10.411718+00:00,Single Stock,2.765,5406790,20227000,1.5,REX,equity,2026-08-01T00:00:02.74+00:00,https://www.rexshares.com//CRWU,CBOE,2025-07-25,-5.95238095238095,-48.2209737827715,True,Monthly,-23.82920110192837
CRWX,Corgi CRWV 2x Daily ETF,"CoreWeave, Inc",CRWV,2x,long,2026-07-07T18:14:27.92219+00:00,Single Stock,15.7416,0,289440,0.45,Corgi,equity,2026-08-01T00:00:02.74+00:00,https://corgifunds.com/crwx,AMEX,2026-07-07,-5.28291896315193,-32.0017278617711,,,-17.149473684210523
CRY,GraniteShares YieldBOOST CRCL ETF,"Circle Internet Group, Inc.",CRCL,variable,long,2026-04-29T05:08:24.029296+00:00,Single Stock,17.6734,9456.67,1072220,1.07,GraniteShares,equity,2026-08-01T00:00:02.74+00:00,https://graniteshares.com/etfs/cry/,NASDAQ,2026-04-28,-2.33694180578349,-29.1814761238825,,,0.6457858769931787
CSCL,Direxion Daily CSCO Bull 2X ETF,,,2x,long,2025-08-27T00:36:36.784967+00:00,,59.86,15634,14070600,1.07,Direxion,equity,2026-08-01T00:00:02.74+00:00,,NASDAQ,,4.046986270178,100.737759892689,,,5.405881317133298
CSCS,Direxion Daily CSCO Bear 1X ETF,"Cisco Systems, Inc.",,1x,short,2025-08-23T14:28:46.463365+00:00,,13.2552,4914.07,1712510,1,Direxion Funds,equity,2026-08-01T00:00:02.74+00:00,,NASDAQ,,-2.14242473459625,-39.3076923076923,,,-2.963396778916543
CSEX,Tradr 2X Long CLS Daily ETF,"Celestica, Inc",CLS,2x,long,2025-11-18T04:37:38.788985+00:00,Single Stock,14.49,132032,11726700,1.3,Tradr,equity,2026-08-01T00:00:02.74+00:00,https://www.tradretfs.com/CSEX,CBOE,2025-11-12,-11.2132352941176,-20.4720087815587,True,Monthly,-3.3999999999999986
CURE,Direxion Daily Healthcare Bull 3X Shares,S&P Health Care Select Sector,,3x,long,2025-08-23T14:31:00.09564+00:00,,118.52,85241.9,183838000,0.94,Direxion Funds,equity,2026-08-01T00:00:02.74+00:00,,NYSE,,-1.72470978441128,5.9633437639696,True,Monthly,0.01687763713079833
CWEB,Direxion Daily CSI China Internet Index Bull 2X Shares,CSI Overseas China Internet,,2x,long,2025-08-23T14:31:00.095592+00:00,,25.32,623550,241911000,1.27,Direxion Funds,equity,2026-08-01T00:00:02.74+00:00,,NYSE,,3.09446254071662,-40.9652599673584,True,Monthly,17.877094972067038
CWVX,Tradr 2X Long CRWV Daily ETF,"CoreWeave, Inc.",CRWV,2x,long,2025-08-27T00:55:25.321319+00:00,Single Stock,11.97,1117580,57866000,1.3,Tradr ETFs,equity,2026-08-01T00:00:02.74+00:00,https://www.tradretfs.com/CWVX,CBOE,2025-07-10,-5.82218725413061,-48.6486486486486,True,Monthly,-24.09638554216867
CWY,GraniteShares YieldBoost CRWV ETF,"CoreWeave, Inc",CRWV,variable,long,2026-04-14T17:31:44.15721+00:00,Single Stock,16.5991,1615.17,492316,1.07,GraniteShares,equity,2026-08-01T00:00:02.74+00:00,https://graniteshares.com/etfs/cwy/,NASDAQ,2026-04-14,-1.74733489993667,-34.2349445324881,,,-3.7175174013921026
CXRN,Teucrium 2x Daily Corn ETF,,,2x,long,2025-08-23T14:27:54.786898+00:00,,16.5801,7251.37,4135700,0.95,Teucrium,commodity,2026-08-01T00:00:02.74+00:00,,NYSE,,-2.06674542232722,-15.4292272379495,,,-7.734557595993308
DAMD,Defiance Daily Target 2X Short AMD ETF,"Advanced Micro Devices, Inc.",AMD,2x,short,2025-11-18T04:37:38.788966+00:00,Single Stock,1.72,48064100,27381300,1.31,Defiance,equity,2026-08-01T00:00:02.74+00:00,https://www.defianceetfs.com/DAMD/,AMEX,2025-11-13,2.99401197604791,-92.6808510638298,,,18.620689655172413
DDM,ProShares Ultra Dow30,Dow Jones Industrial Average,INDU,2x,long,2025-08-23T17:15:00.570593+00:00,Broad Market,65.66,190043,498016000,0.95,ProShares,equity,2026-08-01T00:00:02.74+00:00,https://www.proshares.com/our-etfs/leveraged-and-inverse/ddm,NYSE,2006-06-19,1.12428769444015,14.8906386701662,True,Monthly,2.641863373456304
DFEN,Direxion Daily Aerospace & Defense Bull 3X Shares,DJ US Select / Aerospace & Defense,,3x,long,2025-08-23T14:31:00.095572+00:00,,75.39,174646,367960000,0.96,Direxion Funds,equity,2026-08-01T00:00:02.74+00:00,,NYSE,,2.20986984815618,16.7208546214584,True,Monthly,-0.026521681474600215
DGP,DB Gold Double Long Exchange Traded Notes,Deutsche Bank Liquid Commodity Index - Optimum Yield Gold,,2x,long,2025-08-27T00:36:36.784967+00:00,,131.738,116253,192664000,0.75,DB,commodity,2026-08-01T00:00:02.74+00:00,,AMEX,,-2.81648683859144,-20.352176541717,,,0.8092286501377445
DGZ,DB Gold Short ETN,Gold,XAUUSD,1x,short,2025-08-23T14:27:54.246774+00:00,Commodity,5.6797,6305,1266940,0.75,Deutsche Bank AG,commodity,2026-08-01T00:00:02.74+00:00,,NYSE,,-2.65318364898449,3.0798548094374,,,4.598526703499092
DIG,ProShares Ultra Energy,S&P Energy Select Sector Index,IXE,2x,long,2025-08-23T17:15:00.570596+00:00,Sector,61.21,37319.5,80266300,0.95,ProShares,equity,2026-08-01T00:00:02.74+00:00,https://www.proshares.com/our-etfs/leveraged-and-inverse/dig,NYSE,2007-01-30,1.88082556591212,69.4159977857736,True,Monthly,0.9233305853256427
DIPS,YieldMax Short NVDA Option Income Strategy ETF,NVIDIA Corporation,NVDA,variable,short,2025-08-27T00:36:36.784967+00:00,Single Stock,38.21,7006.8,8260900,1.05,YieldMax,equity,2026-08-01T00:00:02.74+00:00,https://yieldmaxetfs.com/our-etfs/dips/,AMEX,2025-07-23,-2.52675348528717,-24.7686552470959,True,Monthly,1.7302935828179435
DJTU,T-REX 2X Long DJT Daily Target ETF,Trump Media & Technology Group Corp.,DJT,2x,long,2026-07-29T21:36:21.018332+00:00,Single Stock,14.7039,56159.5,12498100,1.05,REX,equity,2026-08-01T00:00:02.74+00:00,https://www.rexshares.com/DJTU,CBOE,2025-03-04,-9.95774647887323,-63.6042079207921,True,Monthly,19.738599348534215
DKNX,Defiance Daily Target 2X Long DKNG ETF,,DKNG,2x,long,2026-07-29T21:36:21.018332+00:00,Single Stock,16.4647,8715.83,4611680,1.29,Defiance ETFs,equity,2026-08-01T00:00:02.74+00:00,https://www.defianceetfs.com/DKNX/,NASDAQ,2025-07-30,-1.83456154158022,-65.6269311064718,,,2.9043750000000035
DLLL,GraniteShares 2x Long DELL Daily ETF,Dell Technologies Inc.,DELL,2x,long,2026-07-29T21:36:21.018332+00:00,Single Stock,20.52,1584990,85091900,1.5,GraniteShares,equity,2026-08-01T00:00:02.74+00:00,https://graniteshares.com/institutional/us/en-us/etfs/dlll/,NASDAQ,2025-02-13,0.146412884333827,600.042643923241,True,Monthly,-14.96062992125984
DNNG,Leverage Shares 2x Long DNN Daily ETF,Denison Mines CORP,DNN,2x,long,2026-02-10T22:54:57.261002+00:00,Single Stock,,,,0.75,Leverage Shares,equity,2026-07-29T21:36:21.018332+00:00,https://leverageshares.com/us/etfs/leverage-shares-2x-long-dnn-daily-etf,NASDAQ,2026-02-10,,,,,
DOG,ProShares Short Dow30,Dow Jones Industrial Average,INDU,1x,short,2025-08-23T17:15:00.570599+00:00,Broad Market,21.65,1778690,101827000,0.95,ProShares,equity,2026-08-01T00:00:02.74+00:00,https://www.proshares.com/our-etfs/leveraged-and-inverse/dog,NYSE,2006-06-19,-0.505514705882367,-7.63651877133107,True,Monthly,-1.3217866909753997
DPST,Direxion Daily Regional Banks Bull 3X Shares,S&P Regional Banks Select Industry,,3x,long,2025-08-23T14:31:00.095553+00:00,,146.04,279575,443572000,0.92,Direxion Funds,equity,2026-08-01T00:00:02.74+00:00,,NYSE,,0.84938885436088,44.4510385756677,True,Weekly,2.8161081385525204
DRAL,Defiance Daily Target 2X Long DRAM ETF,Roundhill Memory ETF,DRAM,2x,long,2026-06-26T04:05:33.106591+00:00,Single Stock,8.84,0,9489350,1.31,Defiance,equity,2026-08-01T00:00:02.74+00:00,https://defianceetfs.com/DRAL,CBOE,2026-06-24,-6.55391120507401,-64.4265593561368,,,-22.319859402460462
DRIP,Direxion Daily S&P Oil & Gas Exploration & Production Bear 2X Shares,WTI Crude Oil,CL,2x,short,2025-08-23T14:28:46.463068+00:00,,39.84,2097970,106919000,1.01,Direxion Funds,equity,2026-08-01T00:00:02.74+00:00,,NYSE,,-2.94762484774664,-55.7824639289678,True,Monthly,-2.6868588177821064
DRN,Direxion Daily Real Estate Bull 3X Shares,S&P Real Estate Select Sector,,3x,long,2025-08-23T14:31:00.095688+00:00,,11.15,917338,48445600,0.98,Direxion Funds,equity,2026-08-01T00:00:02.74+00:00,,NYSE,,-1.58870255957634,30.868544600939,True,Monthly,-1.0647737355811822
DRNL,Definance 2X Dly Long Pure Drone and Aerial Automation ETF,BITA Pure Drone and Aerial Automation Index,,2x,long,2026-03-03T22:13:40.225487+00:00,Basket of Stocks,4.9198,6873.7,344256,1.31,Defiance,equity,2026-08-01T00:00:02.74+00:00,https://www.defianceetfs.com/DRNL/,CBOE,2026-03-02,-0.35848101265822,-76.3015414258189,,,-8.89259259259259
DRV,Direxion Daily Real Estate Bear 3X Shares,S&P Real Estate Select Sector,,3x,short,2025-08-23T14:28:46.463079+00:00,,17.85,140608,24155100,1.06,Direxion Funds,equity,2026-08-01T00:00:02.74+00:00,,NYSE,,1.82544209925842,-32.7176781002639,True,Monthly,1.4781125639568025
DUG,ProShares UltraShort Energy,S&P Energy Select Sector Index,IXE,2x,short,2025-08-23T17:15:00.570601+00:00,Sector,16.96,69484.3,21222500,0.95,ProShares,equity,2026-08-01T00:00:02.74+00:00,https://www.proshares.com/our-etfs/leveraged-and-inverse/dug,NYSE,2007-01-30,-1.85185185185185,-47.9914136767863,True,Monthly,-0.6444053895723458
DULL,MicroSectors Gold -3X Inverse Leveraged ETN,Gold,XAUUSD,3x,short,2025-08-23T14:27:54.246752+00:00,,73.7832,11151.8,20061700,0.95,BMO Capital Markets,commodity,2026-08-01T00:00:02.74+00:00,,NYSE,,4.27143880713446,-8.90962962962964,,,-0.5080906148867353
DUOG,Leverage Shares 2X Long DUOL Daily ETF,"Duolingo, Inc",DUOL,2x,long,2025-12-25T03:46:12.24608+00:00,Single Stock,50.8532,9142.97,6960400,0.75,Leverage Shares,equity,2026-08-01T00:00:02.74+00:00,https://leverageshares.com/us/etfs/leverage-shares-2x-long-duol-daily-etf,NASDAQ,2025-12-11,1.71901315763155,-56.1042727665084,True,,21.05022613663414
DUSL,Direxion Daily Industrials Bull 3X Shares,S&P Industrial Select Sector,,3x,long,2025-08-23T14:31:00.095697+00:00,,94.31,16870.2,53578300,0.97,Direxion Funds,equity,2026-08-01T00:00:02.74+00:00,,NYSE,,2.42981640614818,38.2641841372233,True,Monthly,-3.814380418153998
DUST,Direxion Daily Gold Miners Index Bear 2X Shares,NYSE Arca Gold Miners Index,GDM,2x,short,2025-08-23T14:28:46.462998+00:00,Index,63.42,650945,72379800,0.94,Direxion Funds,equity,2026-08-01T00:00:02.74+00:00,https://www.direxion.com/product/daily-gold-miners-bull-bear-2x-etfs,NYSE,2010-12-08,6.62407531943511,-12.4033149171271,True,Monthly,2.521823472356939
DWSH,Advisorshares Dorsey Wright Short ETF,large-capitalization U.S.-traded equities,,,short,2025-08-23T14:28:36.200476+00:00,,5.7974,82765.1,6229500,6.22,AdvisorShares,equity,2026-08-01T00:00:02.74+00:00,https://advisorshares.com/etfs/dwsh,NASDAQ,2018-07-10,0.306244268733664,-9.97826086956523,,,-6.190938511326862
DXD,ProShares UltraShort Dow30,Dow Jones Industrial Average,INDU,2x,short,2025-08-23T17:15:00.570604+00:00,Broad Market,17.16,795096,41858700,0.95,ProShares,equity,2026-08-01T00:00:02.74+00:00,https://www.proshares.com/our-etfs/leveraged-and-inverse/dxd,NYSE,2006-07-11,-0.866551126516456,-15.9235668789809,True,Monthly,-2.610669693530084
DZZ,DB Gold Double Short ETN,Gold,XAUUSD,2x,short,2025-08-23T14:27:54.246786+00:00,,1.8995,7204.93,1167880,0.75,Deutsche Bank AG,commodity,2026-08-01T00:00:02.74+00:00,,NYSE,,-0.549738219895285,-48.6621621621622,,,-1.580310880829014
ECHX,Leverage Shares 2X Long ECHO Daily ETF,EchoStar Corporation,ECHO,2x,long,2026-07-09T04:26:04.629718+00:00,Single Stock,7.2826,249547,18357500,0.75,Leverage Shares,equity,2026-08-01T00:00:02.74+00:00,https://leverageshares.com/us/etfs/leverage-shares-2x-long-echo-daily-etf,NASDAQ,2026-06-25,-4.37888157981119,-56.0759951749095,True,Monthly,-14.72365339578453
EDC,Direxion Daily MSCI Emerging Markets Bull 3X Shares,MSCI EM,,3x,long,2025-08-23T14:31:00.095668+00:00,,70.47,92826.4,130759000,1.09,Direxion Funds,equity,2026-08-01T00:00:02.74+00:00,,NYSE,,2.30836236933798,21.5628773503536,True,Monthly,-0.42390843577786796
EDGE,MRBL Enhanced Equity ETF,,,,,2025-08-27T00:36:36.784967+00:00,,50.2668,2226.4,10251800,0.74,MRBL,equity,2026-08-01T00:00:02.74+00:00,,CBOE,,0.992509965282256,10.4522083058669,,,1.4056889247528812
EDZ,Direxion Daily MSCI Emerging Markets Bear 3X Shares,MSCI EM,,3x,short,2025-08-23T14:28:46.463194+00:00,,16.9,233403,22418800,1.34,Direxion Funds,equity,2026-08-01T00:00:02.74+00:00,,NYSE,,-2.59365994236313,-49.4768310911809,True,Monthly,-2.3121387283237116
EET,ProShares Ultra MSCI Emerging Markets,MSCI Emerging Markets Index,MXEF,2x,long,2025-08-23T17:15:00.570607+00:00,International,101.495,13661.8,31418600,0.95,ProShares,equity,2026-08-01T00:00:02.74+00:00,https://www.proshares.com/our-etfs/leveraged-and-inverse/eet,NYSE,2009-06-02,-0.525232012592237,20.5692563554288,True,Monthly,1.343185222166741
EEV,ProShares UltraShort MSCI Emerging Markets,MSCI Emerging Markets Index,MXEF,2x,short,2025-08-23T17:15:00.570609+00:00,International,11.84,21546,2804900,0.95,ProShares,equity,2026-08-01T00:00:02.74+00:00,https://www.proshares.com/our-etfs/leveraged-and-inverse/eev,NYSE,2007-10-30,-1.33333333333333,-34.7298787210584,True,Monthly,-0.8790288823775674
EFO,ProShares Ultra MSCI EAFE,MSCI EAFE Index,,2x,long,2025-08-23T17:15:00.570612+00:00,International,74.95,4191.87,29118400,0.95,ProShares,equity,2026-08-01T00:00:02.74+00:00,https://www.proshares.com/our-etfs/leveraged-and-inverse/efo,NYSE,2009-06-02,-1.0282759376564,15.2190622598002,True,Monthly,4.66415305124983
EFU,ProShares UltraShort MSCI EAFE,MSCI EAFE Index,,2x,short,2025-08-23T17:15:00.570614+00:00,International,7.0564,5922.33,1245770,0.95,ProShares,equity,2026-08-01T00:00:02.74+00:00,https://www.proshares.com/our-etfs/leveraged-and-inverse/efu,NYSE,2007-10-23,0.97737582461613,-20.3566591422122,,,-4.255088195386704
EFZ,ProShares Short MSCI EAFE,MSCI EAFE Index,MXEA,1x,short,2025-08-23T17:15:00.570617+00:00,International,22.6351,9938.97,10493400,0.95,ProShares,equity,2026-08-01T00:00:02.74+00:00,https://www.proshares.com/our-etfs/leveraged-and-inverse/efz,NYSE,2007-10-23,-0.253826120294179,-10.2494052339413,True,Monthly,-1.7999999999999972
ELIL,Direxion Daily LLY Bull 2X Shares,Eli Lilly and Co.,LLY,2x,long,2025-08-27T00:36:36.784967+00:00,Single Stock,28.091,97710.9,21101900,1.07,Direxion,equity,2026-08-01T00:00:02.74+00:00,https://www.direxion.com/product/daily-lly-bull-and-bear-leveraged-single-stock-etfs,NASDAQ,2025-03-26,-1.37660577675885,-0.598018400566173,True,Monthly,-8.169336384439355
EMTY,ProShares Decline of the Retail Store ETF,Solactive-ProShares Bricks and Mortar Retail Store Index,,1x,short,2025-08-23T17:15:00.57062+00:00,Thematic,23.5468,1024.4,2911220,0.65,ProShares,equity,2026-08-01T00:00:02.74+00:00,https://www.proshares.com/our-etfs/leveraged-and-inverse/emty,NYSE,2017-11-14,0.531115513354743,5.97119711971198,True,,-3.969004893964105
EMXX,Corgi Emerging Markets 2x Daily ETF,,,2x,long,2026-06-04T23:15:47.125919+00:00,Broad Market,22.5875,28.3667,424076,0.45,Corgi,equity,2026-08-01T00:00:02.74+00:00,https://corgifunds.com/emxx,CBOE,2026-06-03,1.92317237707173,-6.89675071205695,,,3.2363775971918707
ENTL,Leverage Shares 2X Long ENTG Daily ETF,"Entegris, Inc",ENTG,2x,long,2026-06-24T04:52:15.469079+00:00,Single Stock,5.6639,0,114010,0.75,Leverage Shares,equity,2026-08-01T00:00:02.74+00:00,https://leverageshares.com/us/etfs/leverage-shares-2x-long-entg-daily-etf,CBOE,2026-06-23,4.65640532899721,-54.5068273092369,,,-20.450842696629216
EO,Corgi EOSE 2x Daily ETF,Eos Energy Enterprises,EOSE,2x,long,2026-07-07T18:14:27.922159+00:00,Single Stock,7.2404,0,95022,0.45,Corgi,equity,2026-08-01T00:00:02.74+00:00,https://corgifunds.com/eo,CBOE,2026-06-30,-11.525490004399,-67.3414524131709,,,-8.351687299055717
EOSU,T-REX 2X Long EOSE Daily Target ETF,"Eos Energy Enterprises, Inc.",EOSE,2x,long,2026-01-23T21:49:11.832516+00:00,Single Stock,6.86,162074,3629840,1.5,T-Rex,equity,2026-08-01T00:00:02.74+00:00,https://rexshares.com/EOSU,CBOE,2026-01-14,-11.0246433203632,-98.7527272727273,True,Monthly,-21.058688147295733
EPV,ProShares UltraShort FTSE Europe,FTSE Developed Europe All Cap Index,ACDER,2x,short,2025-08-23T17:15:00.570623+00:00,International,17.48,14511.1,11486900,0.95,ProShares,equity,2026-08-01T00:00:02.74+00:00,https://www.proshares.com/our-etfs/leveraged-and-inverse/epv,NYSE,2009-06-16,1.06266116256751,-18.6219739292365,True,Monthly,-5.103148751357227
EQQQ,ProShares Ultra QQQ Equal Weight,Nasdaq-100 Equally Weighted Index,,2x,long,2026-07-24T22:13:42.471411+00:00,Index,39.31,0,4195.88,0.95,ProShares,equity,2026-08-01T00:00:02.74+00:00,https://www.proshares.com/our-etfs/leveraged-and-inverse/EQQQ,NASDAQ,2026-07-21,0.584160873247593,0.614282057844899,,,1.6024812613078434
ERX,Direxion Daily Energy Bull 2X Shares,S&P Energy Select Sector,,2x,long,2025-08-23T14:31:00.095607+00:00,Sector,94.71,264112,226344000,0.91,Direxion Funds,equity,2026-08-01T00:00:02.74+00:00,https://www.direxion.com/product/daily-energy-bull-bear-2x-etfs,NYSE,2008-11-06,1.98126413265854,69.3669527896996,True,Monthly,0.24343776460625505
ERY,Direxion Daily Energy Bear 2X Shares,S&P Energy Select Sector,,2x,short,2025-08-23T14:28:46.463157+00:00,Sector,10.38,1487290,40307200,0.99,Direxion Funds,equity,2026-08-01T00:00:02.74+00:00,https://www.direxion.com/product/daily-energy-bull-bear-2x-etfs,NYSE,2008-11-06,-1.89035916824196,-47.865394274234,True,Monthly,-0.6698564593301293
ETHD,ProShares UltraShort Ether ETF,Bloomberg Ethereum Index,ETH,2x,short,2025-08-23T17:15:00.570625+00:00,Crypto-Linked,61.48,267227,59407000,1.01,ProShares,crypto,2026-08-01T00:00:02.74+00:00,https://www.proshares.com/our-etfs/leveraged-and-inverse/ethd,NYSE,2024-06-07,5.65389242137824,29.486099410278,True,Monthly,-1.4269680936347613
ETHT,ProShares Ultra Ether ETF,Bloomberg Ethereum Index,ETH,2x,long,2025-08-23T17:15:00.570628+00:00,Crypto-Linked,10.09,1745980,183961000,0.94,ProShares,crypto,2026-08-01T00:00:02.74+00:00,https://www.proshares.com/our-etfs/leveraged-and-inverse/etht,NYSE,2024-06-07,-6.05214152700187,-74.1745584847709,True,Monthly,-0.7866273352999024
ETHU,Volatility Shares 2x Ether ETF,Ether futures,ETH,2x,long,2026-07-29T21:36:21.018332+00:00,Crypto-Linked,15.58,5863010,746348000,2.97,Volatility Shares,crypto,2026-08-01T00:00:02.74+00:00,https://www.volatilityshares.com/ETHU,CBOE,2024-06-04,-5.80411124546553,-72.7001927457508,True,Weekly,-0.25608194622278585
ETNG,Leverage Shares 2X Long ETN Daily ETF,Eaton Corporation plc,ETN,2x,long,2026-05-12T21:33:48.49892+00:00,Single Stock,13.42,10836.4,875398,0.75,Leverage Shares,equity,2026-08-01T00:00:02.74+00:00,https://leverageshares.com/us/etfs/leverage-shares-2x-long-etn-daily-etf,CBOE,2026-05-12,13.8909634055265,-6.02240896358543,True,Monthly,-0.22379015769400154
ETU,T-Rex 2x Long Ether ETU ETF,Ethereum,ETH,2x,long,2025-08-23T14:31:10.68049+00:00,Crypto-Linked,4.11,82820.2,10751300,0.95,REX,crypto,2026-08-01T00:00:02.74+00:00,https://www.rexshares.com/etu/,CBOE,2024-10-24,-6.16438356164383,-72.9249011857708,True,Monthly,-0.24271844660193656
EUM,ProShares Short MSCI Emerging Markets,MSCI Emerging Markets Index,MXEF,1x,short,2025-08-23T17:15:00.570631+00:00,International,16.49,118846,11685600,0.95,ProShares,equity,2026-08-01T00:00:02.74+00:00,https://www.proshares.com/our-etfs/leveraged-and-inverse/eum,NYSE,2007-10-30,-0.602772754671497,-16.0814249363868,True,,-0.3625377643504669
EUO,ProShares UltraShort Euro,Euro/US Dollar,EURO,2x,short,2025-08-23T17:15:00.570633+00:00,Currency,30.17,21994.7,35257300,0.95,ProShares,misc,2026-08-01T00:00:02.74+00:00,https://www.proshares.com/our-etfs/leveraged-and-inverse/euo,NYSE,2008-11-24,0.0663349917081364,5.93398876404495,True,Monthly,-2.7401676337846483
EURL,Direxion Daily FTSE Europe Bull 3X Shares,FTSE Developed Europe All Cap,,3x,long,2025-08-23T14:31:00.095692+00:00,,48.8498,14762.8,50766100,1.04,Direxion Funds,equity,2026-08-01T00:00:02.74+00:00,,NYSE,,-1.39321760193782,14.4559512652296,True,Monthly,7.860013247957612
EUVX,Corgi Lithography & Semiconductor Photonics 2x Daily ETF,,,2x,long,2026-06-04T05:35:44.539248+00:00,Thematic,13.888,31356.5,2099900,0.45,Corgi,equity,2026-08-01T00:00:02.74+00:00,https://corgifunds.com/euvx,CBOE,2026-06-03,3.44878957169459,-52.1103448275862,,,-14.535384615384617
EVMU,Direxion Daily Ether Bull 2X ETF,Ethereum,ETH,2x,long,2026-05-27T22:07:01.595248+00:00,Crypto-Linked,18.4532,5848.47,2362430,1.03,Direxion,crypto,2026-08-01T00:00:02.74+00:00,https://www.direxion.com/product/daily-ether-bull-2x-etf,AMEX,2026-05-27,-5.97670460914493,-26.3345309381238,,,0.6172300981461236
EWV,ProShares UltraShort MSCI Japan,MSCI Japan Index,,2x,short,2025-08-23T17:15:00.570636+00:00,International,17.8144,6948.53,5971920,0.95,ProShares,equity,2026-08-01T00:00:02.74+00:00,https://www.proshares.com/our-etfs/leveraged-and-inverse/ewv,NYSE,2007-11-06,1.57600638613296,-28.542318491777,True,Monthly,-3.653866955110867
EZJ,ProShares Ultra MSCI Japan,MSCI Japan Index,MXJP,2x,long,2025-08-23T17:15:00.570638+00:00,International,63.1943,2736.87,11823500,1.17,ProShares,equity,2026-08-01T00:00:02.74+00:00,https://www.proshares.com/our-etfs/leveraged-and-inverse/ezj,NYSE,2009-06-02,-1.58138100629656,20.5078184591915,True,Monthly,2.6626464333696624
FAS,Direxion Daily Financial Bull 3x Shares,S&P Financial Select Sector,,3x,long,2025-08-23T14:31:00.095529+00:00,Sector,174.02,487340,2333070000,0.88,Direxion Funds,equity,2026-08-01T00:00:02.74+00:00,https://www.direxion.com/product/daily-financial-bull-bear-3x-etfs,NYSE,2008-11-06,-0.257923998395133,2.8243913968329,True,Weekly,5.703699204276265
FAZ,Direxion Daily Financial Bear 3x Shares,S&P Financial Select Sector,,3x,short,2025-08-23T14:28:46.46301+00:00,Sector,32.87,501598,90911500,1.03,Direxion Funds,equity,2026-08-01T00:00:02.74+00:00,https://www.direxion.com/product/daily-financial-bull-bear-3x-etfs,NYSE,2008-11-06,0.427742132600063,-14.0204028250065,True,Weekly,-5.735589331803843
FBL,GraniteShares 2x Long Meta ETF,Meta Platforms Inc,META,2x,long,2025-08-23T14:30:49.780377+00:00,Equity,19.69,1437860,176800000,1.09,GraniteShares,equity,2026-08-01T00:00:02.74+00:00,https://graniteshares.com/institutional/us/en-us/etfs/fbl,NASDAQ,2022-12-13,6.66305525460455,-39.9695121951219,True,Monthly,-16.62079186957441
FBX,Corgi META 2x Daily ETF,Meta Platforms,META,2x,long,2026-06-27T04:50:19.324684+00:00,Single Stock,25.2588,0,281727,0.2,Corgi,equity,2026-08-01T00:00:02.74+00:00,https://corgifunds.com/fbx,CBOE,2026-06-26,6.64381132521576,-6.89716181349059,,,-13.388402547036854
FBYY,GraniteShares YieldBOOST META ETF,2x Long META Daily ETF,,variable,long,2025-10-24T05:10:55.187039+00:00,Single Stock,10.8195,1268.87,225211,1.07,GraniteShares,equity,2026-08-01T00:00:02.74+00:00,https://graniteshares.com/institutional/us/en-us/etfs/fbyy/,NASDAQ,2025-10-21,-0.556066176470598,-45.9295352323838,,,-3.8693913816081835
FCXG,Leverage Shares 2X Long FCX Daily ETF,Freeport-McMoRan Inc,FCX,2x,long,2026-02-20T03:33:05.40916+00:00,Single Stock,12.4357,19764,3045460,0.75,Leverage Shares,equity,2026-08-01T00:00:02.74+00:00,https://leverageshares.com/us/etfs/leverage-shares-2x-long-fcx-daily-etf,NASDAQ,2026-02-19,-2.84381665195277,-14.5312714776632,,,1.5988562091503302
FDRX,Founder-Led 2X Daily ETF,Founder-Led Index,,2x,long,2026-01-23T21:49:11.83256+00:00,Index,19.1,9430.47,10755500,1.08,Founder-Led Funds,equity,2026-08-01T00:00:02.74+00:00,https://www.founderledfunds.com/etfs/fdrx,NASDAQ,2026-01-14,1.74511516907801,-25.2153484729835,,,2.9433164994960777
FGRU,T-REX 2X Long FIGR Daily Target ETF,Figure Technology Solutions,FIGR,2x,long,2026-02-19T03:40:23.072154+00:00,Single Stock,6.45,66588.9,2092350,1.5,T-Rex,equity,2026-08-01T00:00:02.74+00:00,https://www.rexshares.com/FGRU/,CBOE,2026-02-18,-7.59312320916906,-74.824355971897,True,Monthly,-29.661941112322793
FIAT,YieldMax Short COIN Option Income Strategy ETF,Coinbase Global Inc,COIN,variable,short,2025-08-27T00:36:36.784967+00:00,equity,21.37,66873.2,35178300,1.05,YieldMax,equity,2026-08-01T00:00:02.74+00:00,https://www.yieldmaxetfs.com/our-etfs/fiat/,AMEX,2024-07-09,7.61731143049948,-22.007299270073,True,Monthly,5.115592720118066
FIGG,Leverage Shares 2x Long FIG Daily ETF,"Figma, Inc.",FIG,2x,long,2025-10-20T06:20:06.644447+00:00,Single Stock,23.7103,188314,17781900,0.75,Leverage Shares,equity,2026-08-01T00:00:02.74+00:00,https://leverageshares.com/us/etfs/leverage-shares-2x-long-fig-daily-etf/,NASDAQ,2025-10-14,4.75708680899194,-74.6684829059829,True,Monthly,39.1449530516432
FINY,GraniteShares YieldBOOST Financials ETF,3x Long Financials Daily ETF,,variable,long,2026-05-06T06:10:16.266663+00:00,Sector,25.515,1253.87,762325,1.07,GraniteShares,equity,2026-08-01T00:00:02.74+00:00,https://graniteshares.com/etfs/finy/,NASDAQ,2026-05-05,-0.332031250000003,1.65338645418326,,,0.45236042377786795
FIYY,GraniteShares YieldBOOST 20Y Treasuries ETF,3x Long 20Y+ Treasuries Daily ETF,,variable,long,2026-05-06T06:10:16.266667+00:00,Sector,24.0656,22.6667,725424,1.07,GraniteShares,fixed income,2026-08-01T00:00:02.74+00:00,https://graniteshares.com/etfs/fiyy/,NASDAQ,2026-05-05,-0.90466249130132,-4.0063821300359,,,-1.2085385878489308
FLYD,MicroSectors Travel -3x Inverse Leveraged ETN,MerQube MicroSectors U.S. Travel Index,,3x,short,2025-08-27T00:36:36.784967+00:00,,43.9082,2443.3,4236220,0.95,REX Microsectors,equity,2026-08-01T00:00:02.74+00:00,,AMEX,,2.06746817670414,-28.6045528455285,,,-13.370425175101118
FLYT,Tradr 2X Long FLY Daily ETF,"Firefly Aerospace, Inc",FLY,2x,long,2025-10-27T02:32:05.1326+00:00,Single Stock,4.67,286277,6067230,1.3,Tradr,equity,2026-08-01T00:00:02.74+00:00,https://www.tradretfs.com/FLYT,CBOE,2025-10-22,0.430107526881711,-66.257225433526,True,Monthly,-6.972111553784854
FLYU,MicroSectors Travel 3x Leveraged ETN,MerQube MicroSectors U.S. Travel Index,,3x,,2025-08-27T00:36:36.784967+00:00,,47.3701,961.733,7865010,0.95,REX Microsectors,equity,2026-08-01T00:00:02.74+00:00,,AMEX,,-2.10018124965124,-15.6458236134211,,,11.908800544305114
FNG,Leverage Shares 2X Long FN Daily ETF,Fabrinet,FN,2x,long,2026-06-17T04:00:40.223407+00:00,Single Stock,6.5142,12322.8,379509,0.99,Leverage Shares,equity,2026-08-01T00:00:02.74+00:00,https://leverageshares.com/us/etfs/leverage-shares-2x-long-fn-daily-etf,CBOE,2026-06-16,-0.654252642174138,-56.572,,,-25.807223152355892
FNGD,MicroSectors FANG+ Index -3X Inverse Leveraged Exchange Traded Note,NYSE FANG+ Index,,3x,short,2025-08-23T14:28:15.617134+00:00,Index,34.36,502756,79454800,0.95,BMO Capital Markets,equity,2026-08-01T00:00:02.74+00:00,https://www.bmoetns.com/ETN/FNGD.P/,NYSE,2018-01-25,-5.03040353786623,-32.6274509803922,,,-6.554256187109066
FNGG,Direxion Daily NYSE FANG+ Bull 2X Shares,NYSE FANG+ Index,,2x,long,2025-08-23T14:31:00.095635+00:00,,229.044,5365.87,110531000,0.97,Direxion Funds,equity,2026-08-01T00:00:02.74+00:00,,NYSE,,3.83348663592757,10.4890979257115,True,Monthly,5.074829676069147
FNGO,MicroSectors FANG+ Index 2X Leveraged ETNs,NYSE FANG+ Index,,2x,long,2025-08-23T14:30:29.211738+00:00,Index,130.867,3574.6,595689000,0.95,BMO Capital Markets,equity,2026-08-01T00:00:02.74+00:00,https://www.bmoetns.com/ETN/FNGO.P/,NYSE,2018-08-06,3.64101601571873,9.27454909819638,,,4.343166959017697
FNGU,MicroSectors FANG+ Index 3X Leveraged ETN,NYSE FANG+ Index,,3x,long,2025-08-23T14:30:29.211703+00:00,Index,26.66,4732240,1865830000,2.6,BMO Capital Markets,equity,2026-08-01T00:00:02.74+00:00,https://www.bmoetns.com/ETN/FNGB.P/,NYSE,2025-02-24,5.12618296529969,2.93436293436294,,,5.417160933175173
FOMG,Leverage Shares 2X Long FORM Daily ETF,FormFactor Inc,FORM,2x,long,2026-06-24T04:52:15.469087+00:00,Single Stock,5.69,0,158985,0.75,Leverage Shares,equity,2026-08-01T00:00:02.74+00:00,https://leverageshares.com/us/etfs/leverage-shares-2x-long-form-daily-etf,CBOE,2026-06-23,5.7974787103492,-58.5276967930029,,,-7.928802588996753
FPSX,Leverage Shares 2X Long FPS Daily ETF,Forgent Power Solutions,FPS,2x,long,2026-06-24T04:52:15.46906+00:00,Single Stock,3.83,0,256538,0.75,Leverage Shares,equity,2026-08-01T00:00:02.74+00:00,https://leverageshares.com/us/etfs/leverage-shares-2x-long-fps-daily-etf,CBOE,2026-06-23,-0.777202072538855,-72.0845481049563,,,-34.641638225255974
FUTG,Leverage Shares 2x Long FUTU Daily ETF,Futu Holdings ADR,FUTU,2x,long,2025-10-20T06:20:06.644449+00:00,Single Stock,3.88,1130870,24337000,0.75,Leverage Shares,equity,2026-08-01T00:00:02.74+00:00,https://leverageshares.com/us/etfs/leverage-shares-2x-long-futu-daily-etf,NASDAQ,2025-10-14,2.91777188328912,-74.9677419354839,True,Monthly,11.494252873563216
FXP,ProShares UltraShort FTSE China 50,FTSE China 50 Index,XIN0I,2x,short,2025-08-23T17:15:00.570641+00:00,International,19.07,4403.23,5774410,0.95,ProShares,equity,2026-08-01T00:00:02.74+00:00,https://www.proshares.com/our-etfs/leveraged-and-inverse/fxp,NYSE,2007-11-06,-0.501925264267302,10.807669959326,True,Monthly,-10.637300843486408
GDXD,MicroSectors Gold Miners -3X Inverse Leveraged ETNs,NYSE Arca Gold Miners Index,GDM,3x,short,2025-08-23T14:27:54.246705+00:00,Index,48.91,509904,127295000,0.95,BMO Capital Markets,commodity,2026-08-01T00:00:02.74+00:00,https://www.bmoetns.com/ETN/GDXD.P/,NYSE,2020-12-07,10.4811384684888,-39.1666666666667,,,4.063829787234035
GDXU,MicroSectors Gold Miners 3X Leveraged Exchange-Traded Notes,NYSE Arca Gold Miners Index,GDM,3x,long,2025-08-23T14:27:54.786865+00:00,Index,75.01,1537830,668931000,0.95,BMO Capital Markets,commodity,2026-08-01T00:00:02.74+00:00,https://www.bmoetns.com/ETN/GDXU.P/,NYSE,2020-12-07,-10.425125388106,-70.6269334690841,,,-7.543448785899163
GDXW,Roundhill Gold Miners WeeklyPay ETF,VanEck Gold Miners ETF,GDX,1.2x,long,2025-11-03T22:50:13.426503+00:00,Commodity,34.3483,43168.5,60519600,0.99,Roundhill,equity,2026-08-01T00:00:02.74+00:00,https://roundhillinvestments.com/etf/gdxw/,CBOE,2025-10-30,-3.84014557670772,-41.9301775147929,True,,-2.4750141964792647
GEMG,Leverage Shares 2X Long GEMI Daily ETF,Gemini Space,GEMI,2x,long,2025-11-06T23:54:42.258903+00:00,Single Stock,6.6845,21596.5,532803,0.75,Leverage Shares,equity,2026-08-01T00:00:02.74+00:00,https://leverageshares.com/us/etfs/leverage-shares-2x-long-gemi-daily-etf/,NASDAQ,2025-11-05,-10.593192001605,-92.3166666666667,True,Monthly,-19.073849878934624
GEVC,Corgi GEV 2x Daily ETF,GE Vernova Inc.,GEV,2x,long,2026-07-10T23:45:36.843806+00:00,Single Stock,20.519,0,170801,0.45,Corgi,equity,2026-08-01T00:00:02.74+00:00,https://corgifunds.com/gevc,AMEX,2026-07-10,1.13511462045375,-21.5634556574924,,,-6.689828604690308
GEVG,Leverage Shares 2X Long GEV Daily ETF,"GE Vernova, Inc",GEV,2x,long,2025-12-25T03:46:12.246086+00:00,Single Stock,24.87,61876.1,12310800,0.75,Leverage Shares,equity,2026-08-01T00:00:02.74+00:00,https://leverageshares.com/us/etfs/leverage-shares-2x-long-gev-daily-etf,NASDAQ,2025-12-16,1.30263704572672,77.0106761565836,True,Monthly,-9.134088417975885
GEVX,Tradr 2X Long GEV Daily ETF,"GE Vernova, Inc",GEV,2x,long,2025-08-27T00:56:38.25683+00:00,Single Stock,19.51,308983,27734100,1.3,Tradr ETFs,equity,2026-08-01T00:00:02.74+00:00,https://www.tradretfs.com/GEVX,CBOE,2025-07-10,1.29802699896158,83.7678446783627,True,Monthly,-9.34014869888475
GFSG,Leverage Shares 2X Long GFS Daily ETF,GlobalFoundries,GFS,2x,long,2026-06-24T04:52:15.469075+00:00,Single Stock,4.31,0,134270,0.99,Leverage Shares,equity,2026-08-01T00:00:02.74+00:00,https://leverageshares.com/us/etfs/leverage-shares-2x-long-gfs-daily-etf,CBOE,2026-06-23,0.232558139534879,-67.5696012039127,,,-22.898032200357786
GGLL,Direxion Daily GOOGL Bull 2x Shares,Alphabet Inc,GOOGL,2x,long,2025-08-23T14:31:00.095562+00:00,Single Stock,110.175,1609560,942975000,0.96,Direxion Funds,equity,2026-08-01T00:00:02.74+00:00,https://www.direxion.com/product/daily-googl-bull-and-bear-leveraged-single-stock-etfs,NASDAQ,2022-09-07,13.4771861159749,10.7286432160804,True,Monthly,24.49152542372881
GGLS,Direxion Daily GOOGL Bear 1X Shares,Alphabet Inc,GOOGL,1x,short,2025-08-23T14:28:46.463297+00:00,Single Stock,56.6903,824743,22709800,1.02,Direxion Funds,equity,2026-08-01T00:00:02.74+00:00,https://www.direxion.com/product/daily-googl-bull-and-bear-leveraged-single-stock-etfs,NASDAQ,2022-09-07,-6.8364494505368,-15.3876119402985,True,Monthly,-11.129800909233419
GLDW,Roundhill Gold WeeklyPay ETF,SPDR Gold Trust,GLD,1.2x,long,2025-11-03T22:50:13.426507+00:00,Commodity,40.44,8524.2,16130600,0.99,Roundhill,commodity,2026-08-01T00:00:02.74+00:00,https://roundhillinvestments.com/etf/gldw/,CBOE,2025-10-30,-1.57638417336575,-25.0417052826691,True,,-0.5163604338510172
GLGG,Leverage Shares 2x Long GLXY Daily ETF,Galaxy Digital,GLXY,2x,long,2025-08-27T01:27:45.386042+00:00,Single Stock,4.0624,79092.3,1759240,0.76,Leverage Shares,equity,2026-08-01T00:00:02.74+00:00,https://leverageshares.com/us/etfs/leverage-shares-2x-long-glxy-daily-etf,NASDAQ,2025-08-21,-5.00420914788138,-57.0570824524313,True,Monthly,-25.93618960802188
GLL,ProShares UltraShort Gold,Bloomberg Gold Subindex,BCOMGC,2x,short,2025-08-23T17:15:00.570644+00:00,Commodity,26.5,1652840,124935000,0.95,ProShares,commodity,2026-08-01T00:00:02.74+00:00,https://www.proshares.com/our-etfs/leveraged-and-inverse/gll,NYSE,2008-12-01,3.15297781237835,3.84012539184953,True,Monthly,0
GLWG,Leverage Shares 2X Long GLW Daily ETF,Corning Inc.,GLW,2x,long,2026-03-11T18:01:26.61294+00:00,Single Stock,11.85,2197520,70896000,0.75,Leverage Shares,equity,2026-08-01T00:00:02.74+00:00,https://leverageshares.com/us/etfs/leverage-shares-2x-long-glw-daily-etf/,NASDAQ,2026-03-10,4.13005272407732,-25.1374060269126,True,Monthly,-22.90175666883539
GLX,Corgi GLXY 2x Daily ETF,Galaxy Digital,GLXY,2x,long,2026-07-07T18:14:27.922156+00:00,Single Stock,12.1516,0,140702,0.45,Corgi,equity,2026-08-01T00:00:02.74+00:00,https://corgifunds.com/glx,CBOE,2026-06-30,-4.67987637470388,-45.3369320737742,,,-22.699745547073793
GLXU,T-REX 2X Long GLXY Daily Target ETF,Galaxy Digital Holdings Ltd.,GLXY,2x,long,2026-07-29T21:36:21.018332+00:00,Single Stock,4.74,294910,9092670,1.5,REX,equity,2026-08-01T00:00:02.74+00:00,https://www.rexshares.com/GLXU,CBOE,2025-08-08,-4.81927710843374,-56.9872958257713,True,Monthly,-25.248383535719917
GMEC,Corgi GME 2x Daily ETF,GameStop Corp.,GME,2x,long,2026-07-07T18:14:27.922131+00:00,Single Stock,23.9354,0,363528,0.45,Corgi,equity,2026-08-01T00:00:02.74+00:00,https://corgifunds.com/gmec,CBOE,2026-06-30,-1.73777746759884,-4.33493205435651,,,4.805149312549261
GMEU,T-REX 2X Long GME Daily Target ETF,GameStop Corp.,GME,2x,long,2026-07-29T21:36:21.018332+00:00,Single Stock,7.78,254612,21055100,1.5,REX,equity,2026-08-01T00:00:02.74+00:00,https://www.rexshares.com/GMEU,CBOE,2025-04-24,-1.64348925410872,-11.9909502262443,True,Monthly,3.0463576158940455
GMMA,GammaRoad Market Navigation ETF,,,2x,,2025-08-27T00:36:36.784967+00:00,,21.5694,161.333,6363540,0.77,GammaRoad,,2026-08-01T00:00:02.74+00:00,,AMEX,,0.83870967741936,2.07950780880266,,,0.7445119103222865
GOGL,Corgi GOOGL 2x Daily ETF,Alphabet,GOOGL,2x,long,2026-06-27T04:50:19.324669+00:00,Single Stock,26.13,0,818804,0.2,Corgi,equity,2026-08-01T00:00:02.74+00:00,https://corgifunds.com/gogl,CBOE,2026-06-26,13.3130962705984,2.79307631785994,,,21.98879551820727
GOOL,Leverage Shares 2X Long GOOGL Daily ETF,Alphabet,GOOGL,2x,long,2026-07-07T18:14:27.922211+00:00,Single Stock,13.885,0,2232700,0.99,Leverage Shares,equity,2026-08-01T00:00:02.74+00:00,https://leverageshares.com/us/etfs/leverage-shares-2x-long-googl-daily-etf,AMEX,2026-07-02,11.7055510860821,-9.83766233766234,,,24.19499105545617
GOOW,GOOGL WeeklyPayâ¢ ETF,Alphabet Inc,GOOGL,1.2x,long,2025-08-27T01:22:18.70911+00:00,Single Stock,65.64,27413.9,79599300,1,Roundhill Investments,equity,2026-08-01T00:00:02.74+00:00,https://www.roundhillinvestments.com/etf/GOOW,CBOE,2025-07-24,7.97828590228656,-8.63028953229399,True,Monthly,13.741119390053717
GOOX,T-Rex 2x LNG Alphabet Daily,Alphabet Inc,GOOGL,2x,long,2025-08-23T14:27:55.05085+00:00,Single Stock,79.77,88491.9,48259200,1.05,REX,equity,2026-08-01T00:00:02.74+00:00,https://www.rexshares.com//GOOX,CBOE,2024-11-01,14.087528604119,12.1467735132855,True,Monthly,24.407361197754195
GOU,GraniteShares 2x Long GOOGL Daily ETF,Alphabet Inc,GOOGL,2x,long,2025-12-04T07:26:45.053681+00:00,Single Stock,27.72,94779.3,13467600,1.15,GraniteShares,equity,2026-08-01T00:00:02.74+00:00,https://graniteshares.com/institutional/us/en-us/etfs/GOU,NASDAQ,2025-12-02,13.4206219312602,10.702875399361,,,24.47238437359676
GRAG,Leverage Shares 2X Long GRAB Daily ETF,Grab Holdings Ltd,GRAB,2x,long,2025-12-25T03:46:12.246073+00:00,Single Stock,5.7731,11681.1,1860420,0.75,Leverage Shares,equity,2026-08-01T00:00:02.74+00:00,https://leverageshares.com/us/etfs/leverage-shares-2x-long-grab-daily-etf,NASDAQ,2025-12-11,6.4107053987798,-58.5563531945442,True,,11.449806949806963
GUSH,Direxion Daily S&P Oil & Gas Exploration & Production Bull 2X Shares,WTI Crude Oil,CL,2x,long,2025-08-23T14:31:00.095602+00:00,,40.12,885774,236861000,0.94,Direxion Funds,equity,2026-08-01T00:00:02.74+00:00,,NYSE,,2.66120777891504,82.7790432801822,True,Monthly,1.749936596500121
HCMT,Direxion HCM Tactical Enhanced US ETF,,,2x,long,2025-08-27T00:36:36.784967+00:00,,38.8508,46016,531282000,1.18,Direxion,equity,2026-08-01T00:00:02.74+00:00,https://www.direxion.com/product/direxion-hcm-tactical-enhanced-us-etf,AMEX,2023-06-22,1.38517745302714,-0.408100487054597,,,0.00205920205919726
HDGE,AdvisorShares Ranger Equity Bear ETF,short sales of domestically traded equity securities,,,short,2025-08-23T14:28:36.200458+00:00,,15.13,62804.6,58411300,3.62,AdvisorShares,equity,2026-08-01T00:00:02.74+00:00,https://advisorshares.com/etfs/hdge,NYSE ARCA,2011-01-26,0.398142003981423,-5.49656464709557,True,Monthly,-7.291666666666663
HDLB,ETRACS Monthly Pay 2xLeveraged US High Dividend Low Volatility ETN Series B,Solactive US High Dividend Low Volatility Index,SOLHDLV,2x,long,2025-08-27T01:07:18.835168+00:00,Exchange-traded Note,17.6742,3504.73,5917700,1.65,UBS ETRACS,debt,2026-08-01T00:00:02.74+00:00,https://etracs.ubs.com/product/detail/index/ussymbol/HDLB,NYSE ARCA,2019-10-24,-0.595050618672678,17.828,,,0.9954285714285659
HIBL,Direxion Daily S&P 500 High Beta Bull 3X Shares,S&P 500 Index,SPX,3x,long,2025-08-23T14:31:00.095683+00:00,,92.52,60912.2,66986900,0.98,Direxion Funds,equity,2026-08-01T00:00:02.74+00:00,,NYSE,,0.347071583514092,36.4400530895148,True,Monthly,-6.564330438295294
HIBS,Direxion Daily S&P 500 High Beta Bear 3X Shares,S&P 500 Index,SPX,3x,short,2025-08-23T14:28:46.463133+00:00,,22.86,226958,24367700,1.06,Direxion Funds,equity,2026-08-01T00:00:02.74+00:00,,NYSE,,0.483516483516481,-53.155737704918,True,Monthly,5.151793928242875
HIMC,Corgi HIMS 2x Daily ETF,"Hims & Hers Health, Inc.",HIMS,2x,long,2026-07-15T21:29:16.989922+00:00,Single Stock,14.8073,0,180890,0.45,Corgi,equity,2026-08-01T00:00:02.74+00:00,https://corgifunds.com/himc,CBOE,2026-07-14,4.3252497639748,-42.204137392662,,,-18.327082184225038
HIMZ,Defiance Daily Target 2X Long HIMS ETF,"Hims & Hers Health, Inc.",HIMS,2x,long,2026-07-29T21:36:21.018332+00:00,Single Stock,27.69,426162,41984600,1.29,Defiance ETFs,equity,2026-08-01T00:00:02.74+00:00,https://www.defianceetfs.com/HIMZ/,NASDAQ,2025-03-12,5.32521871434006,-66.9806820891963,True,Monthly,-37.63513513513513
HMYY,GraniteShares YieldBoost HIMS ETF,"Hims & Hers Health, Inc.",HIMS,variable,long,2025-12-04T07:26:45.053684+00:00,Single Stock,6.1343,4462.63,674306,1.07,GraniteShares,equity,2026-08-01T00:00:02.74+00:00,https://graniteshares.com/institutional/us/en-us/etfs/HMYY,NASDAQ,2025-12-02,-0.97822402298665,-66.6614130434783,,,-2.6301587301587332
HODU,Direxion Daily HOOD Bull 2X ETF,"Robinhood Markets, Inc.",HOOD,2x,long,2025-11-26T06:37:35.500038+00:00,Single Stock,8.74,156626,10635800,0.97,Direxion,equity,2026-08-01T00:00:02.74+00:00,https://www.direxion.com/product/daily-hood-bull-leveraged-single-stock-etf,NASDAQ,2025-11-19,-0.114285714285712,-60.9821428571429,,,-25.617021276595743
HOLD,Harbor Alpha Layering ETF,,,,,2025-08-27T00:36:36.784967+00:00,,32.1551,349.933,7857500,0.7,Harbor,,2026-08-01T00:00:02.74+00:00,,AMEX,,1.33399302907493,5.09919921555809,,,-0.54098360655738
HONG,Leverage Shares 2X Long HON Daily ETF,Honeywell International Inc.,HON,2x,long,2026-05-12T21:33:48.498927+00:00,Single Stock,17.0554,4131.7,418252,0.75,Leverage Shares,equity,2026-08-01T00:00:02.74+00:00,https://leverageshares.com/us/etfs/leverage-shares-2x-long-hon-daily-etf,CBOE,2026-05-12,1.12416843553225,12.8002645502645,True,,0.20799059929494249
HOOC,Corgi HOOD 2x Daily ETF,"Robinhood Markets, Inc.",HOOD,2x,long,2026-07-10T23:45:36.84382+00:00,Single Stock,13.6586,0,220260,0.2,Corgi,equity,2026-08-01T00:00:02.74+00:00,https://corgifunds.com/hooc,AMEX,2026-07-10,0.161330536937362,-42.5384938998738,,,-16.972530044314233
HOOG,Leverage Shares 2x Long HOOD Daily ETF,Robinhood Markets Inc.,HOOD,2x,long,2025-08-28T00:50:58.259544+00:00,Single Stock,21.2,491211,54999600,0.85,Leverage Shares,equity,2026-08-01T00:00:02.74+00:00,https://leverageshares.com/us/etfs/leverage-shares-2x-long-hood-daily-etf,NASDAQ,2025-03-21,-0.0471475719000545,-62.1428571428571,True,Monthly,-27.322591703805287
HOOW,Roundhill HOOD WeeklyPay ETF,Robinhood Markets Inc.,HOOD,1.2x,long,2025-08-23T14:31:10.680442+00:00,Single Stock,22.4,184980,129704000,0.99,Roundhill Investments,equity,2026-08-01T00:00:02.74+00:00,https://www.roundhillinvestments.com/etf/hoow,CBOE,2025-06-18,0,-53.8999794196337,True,Monthly,-17.098445595854926
HOOX,Defiance Daily Target 2X Long HOOD ETF,Robinhood Markets Inc.,HOOD,2x,long,2026-07-29T21:36:21.018332+00:00,Single Stock,24.0122,67304.1,11137500,1.29,Defiance ETFs,equity,2026-08-01T00:00:02.74+00:00,https://www.defianceetfs.com/HOOX/,NASDAQ,2025-03-12,-1.58934426229508,-62.8236569128348,True,Monthly,-22.24028497409326
HOOZ,Defiance Daily Target 2X Short HOOD ETF,Robinhood Markets Inc.,HOOD,2x,short,2025-11-18T04:37:38.788961+00:00,Single Stock,14.88,326375,2496330,1.31,Defiance,equity,2026-08-01T00:00:02.74+00:00,https://www.defianceetfs.com/HOOZ/,AMEX,2025-11-12,0,-32.0858055682337,,,30.755711775043935
HOYY,GRANITESHARES YIELDBOOST HOOD ETF,Robinhood Markets Inc.,HOOD,variable,long,2025-10-01T05:26:35.154793+00:00,Single Stock,5.05,21591,6116600,1.07,GraniteShares,equity,2026-08-01T00:00:02.74+00:00,https://graniteshares.com/institutional/us/en-us/etfs/HOYY/,NASDAQ,2025-09-30,-0.785854616895875,-62.7855563743552,,,-4.896421845574384
HPEL,Leverage Shares 2X Long HPE Daily ETF,Hewlett Packard Enterprise,HPE,2x,long,2026-06-24T04:52:15.469083+00:00,Single Stock,13.88,0,1972690,0.99,Leverage Shares,equity,2026-08-01T00:00:02.74+00:00,https://leverageshares.com/us/etfs/leverage-shares-2x-long-hpe-daily-etf,CBOE,2026-06-23,3.97003745318353,-1.9774011299435,,,-2.11565585331452
HUTG,Leverage Shares 2X Long HUT Daily ETF,Hut 8 Corp,HUT,2x,long,2026-01-14T05:56:23.904383+00:00,Single Stock,22.9,72115.3,2791280,0.75,Leverage Shares,equity,2026-08-01T00:00:02.74+00:00,https://leverageshares.com/us/etfs/leverage-shares-2x-long-hut-daily-etf,NASDAQ,2026-01-13,-1.06709292780922,46.513115802943,True,Monthly,-20.568851890391954
HYNX,T-REX 2X Long SKHY Daily Target ETF,SK hynix Inc.,SKHY,2x,long,2026-07-15T04:03:57.391759+00:00,Single Stock,18.92,0,19068000,1.25,T-Rex,equity,2026-08-01T00:00:02.74+00:00,https://www.rexshares.com/hynx/,AMEX,2026-07-14,-7.30034296913277,-37.1845949535193,,,-27.118644067796605
IBX,Tradr 2X Long IBM Daily ETF,IBM Corp,IBM,2x,long,2026-03-24T21:55:50.705322+00:00,Single Stock,16.2,1586140,59989200,1.3,Tradr,equity,2026-08-01T00:00:02.74+00:00,https://www.tradretfs.com/IBX,CBOE,2026-03-23,1.95091252359974,-33.1958762886598,True,Monthly,14.245416078984482
INDL,Direxion Daily MSCI India Bull 2X Shares,MSCI India,,2x,long,2025-08-23T14:31:00.095678+00:00,,45.7443,15136.3,55613500,1.23,Direxion Funds,equity,2026-08-01T00:00:02.74+00:00,,NYSE,,0.824994489750948,-20.5828125,True,Monthly,6.704688593421986
INFH,Defiance Daily Target 2X Long INFQ ETF,"Infleqtion, Inc",INFQ,2x,long,2026-06-06T20:45:48.553975+00:00,Single Stock,5.18,374922,4449120,1.31,Defiance,equity,2026-08-01T00:00:02.74+00:00,https://www.defianceetfs.com/INFH/,CBOE,2026-06-04,-4.07407407407409,-64.3741403026135,,,-0.5758157389635364
INT,Corgi INTC 2x Daily ETF,Intel Corporation,INTC,2x,long,2026-07-10T23:45:36.843815+00:00,Single Stock,15.39,0,761742,0.45,Corgi,equity,2026-08-01T00:00:02.74+00:00,https://corgifunds.com/int,AMEX,2026-07-10,-0.709677419354835,-34.4827586206897,,,-18.999999999999996
INTW,GraniteShares 2x Long INTC Daily ETF,Intel Corporation,INTC,2x,long,2026-07-29T21:36:21.018332+00:00,Single Stock,19.41,5492060,230584000,1.5,GraniteShares,equity,2026-08-01T00:00:02.74+00:00,https://graniteshares.com/institutional/us/en-us/etfs/intw/,NASDAQ,2024-09-03,-2.26586102719033,241.650165016502,True,Monthly,-21.512333198544276
IONC,Corgi IONQ 2x Daily ETF,IonQ Inc.,IONQ,2x,long,2026-07-07T18:14:27.922223+00:00,Single Stock,10.6399,0,0,0.45,Corgi,equity,2026-08-01T00:00:02.74+00:00,https://corgifunds.com/ionc,CBOE,2026-07-07,3.90527343750001,-56.5008176614881,,,15.525515743756786
IONL,GraniteShares 2x Long IONQ Daily ETF,IonQ Inc.,IONQ,2x,long,2026-07-29T21:36:21.018332+00:00,Single Stock,11.71,706505,43597800,1.5,GraniteShares,equity,2026-08-01T00:00:02.74+00:00,https://graniteshares.com/institutional/us/en-us/etfs/ionl/,NASDAQ,2024-09-03,3.9041703637977,-66.087460179554,True,Monthly,11.630123927550052
IONX,Defiance Daily Target 2X Long IONQ ETF,IONQ,IONQ,2x,long,2026-07-29T21:36:21.018332+00:00,Single Stock,21.63,1102810,110656000,1.29,Defiance ETFs,equity,2026-08-01T00:00:02.74+00:00,https://www.defianceetfs.com/IONX/,NASDAQ,2025-03-11,3.34448160535117,-68.2238871749669,True,Monthly,10.188487009679063
IONZ,Defiance Daily Target 2X Short IONQ ETF,IonQ Inc. (IONQ),,2x,short,2025-08-23T14:29:17.298126+00:00,,4.28,13909200,17029700,1.29,Defiance ETFs,equity,2026-08-01T00:00:02.74+00:00,https://www.defianceetfs.com/ionz,NASDAQ,2025-06-23,-4.03587443946188,-80.0093414292387,True,Monthly,-24.912280701754383
IOSX,Corgi AAPL 2x Daily ETF,Apple Inc,AAPL,2x,long,2026-07-07T18:14:27.922121+00:00,Single Stock,29.4339,0,532052,0.45,Corgi,equity,2026-08-01T00:00:02.74+00:00,https://corgifunds.com/iosx,CBOE,2026-06-30,-14.6492179389778,11.703605313093,,,-14.56672229881721
IOYY,GraniteShares YieldBOOST IONQ ETF,IonQ Inc. (selling put options on 2x Long IONQ Daily ETF),IONQ,variable,long,2025-11-06T23:54:42.258891+00:00,Single Stock,6.6889,37785.5,5701810,1.07,GraniteShares,equity,2026-08-01T00:00:02.74+00:00,https://graniteshares.com/institutional/us/en-us/etfs/IOYY,NASDAQ,2025-11-04,-0.905185185185181,-60.9521307647402,,,-3.199710564399419
IRE,Defiance Daily Target 2X Long IREN ETF,IREN Limited,IREN,2x,long,2025-10-24T05:10:55.187024+00:00,Single Stock,8.72,7894300,156324000,1.31,Defiance,equity,2026-08-01T00:00:02.74+00:00,https://www.defianceetfs.com/ire/,AMEX,2025-10-20,-7.43099787685774,-65.4242664551943,True,Monthly,-23.74289462177525
IREC,Corgi IREN 2x Daily ETF,IREN Limited,IREN,2x,long,2026-07-15T21:29:16.989956+00:00,Single Stock,19.1096,0,192658,0.45,Corgi,equity,2026-08-01T00:00:02.74+00:00,https://corgifunds.com/irec,CBOE,2026-07-14,-6.22850104765223,-22.1921824104234,,,-18.68255319148936
IREG,Leverage Shares 2X Long IREN Daily ETF,IREN Limited,IREN,2x,long,2025-12-25T03:46:12.246044+00:00,Single Stock,6.99,737813,13088600,0.75,Leverage Shares,equity,2026-08-01T00:00:02.74+00:00,https://leverageshares.com/us/etfs/leverage-shares-2x-long-iren-daily-etf,NASDAQ,2025-12-16,-7.41721854304635,-60.2330264999374,True,Monthly,-22.33333333333333
IREX,Tradr 2X Long IREN Daily ETF,IREN Limited,IREN,2x,long,2025-10-24T05:10:55.187095+00:00,Single Stock,12.37,1120660,35307100,1.3,Tradr,equity,2026-08-01T00:00:02.74+00:00,https://www.tradretfs.com/IREX,CBOE,2025-10-22,-7.68656716417911,-61.820987654321,True,Monthly,-22.976338729763384
IREZ,Tradr 2X Short IREN Daily ETF,IREN Limited,IREN,2x,short,2026-01-23T21:49:11.832572+00:00,Single Stock,16.25,1980040,17831000,1.49,Tradr,equity,2026-08-01T00:00:02.74+00:00,https://www.tradretfs.com/IREZ,CBOE,2026-01-21,6.90789473684211,-76.7425218262487,True,Monthly,-29.039301310043665
ISBG,IncomeSTKd 1x Bitcoin & 1x Gold Premium ETF,Bitcoin + Gold,,2x,long,2026-01-31T05:31:58.66773+00:00,Multi-Asset,10.9038,6476.47,4664860,1.14,Quantify Funds,misc,2026-08-01T00:00:02.74+00:00,https://quantifyfunds.com/optionsbasedincome/isbg/,CBOE,2026-01-20,-5.92873781382106,-57.24,,,-3.07733333333333
ISSB,IncomeSTKd 1x US Stocks & 1x Bitcoin Premium ETF,US Stocks + Bitcoin,,2x,long,2026-01-31T05:31:58.667733+00:00,Multi-Asset,16.6314,1149.63,1622520,1.14,Quantify Funds,misc,2026-08-01T00:00:02.74+00:00,https://quantifyfunds.com/optionsbasedincome/issb/,CBOE,2026-01-20,-2.32050039644084,-33.8185435734182,,,-0.905656779913492
ISUL,GraniteShares 2x Long ISRG Daily ETF,"Intuitive Surgical, Inc",ISRG,2x,long,2025-10-07T01:07:58.052694+00:00,Single Stock,12.72,114953,8904010,1.5,GraniteShares,equity,2026-08-01T00:00:02.74+00:00,https://graniteshares.com/institutional/us/en-us/etfs/ISUL,NASDAQ,2025-10-07,-0.235294117647054,-65.8615136876006,,,10.512597741094709
IWDL,ETRACS 2x Leveraged US Value Factor TR ETN,Russell 1000 Value TR USD Index,RU10VATR,2x,long,2025-08-27T01:07:53.55918+00:00,Exchange-traded Note,66.9247,1438.5,6561900,0.95,UBS ETRACS,debt,2026-08-01T00:00:02.74+00:00,https://etracs.ubs.com/product/detail/index/ussymbol/IWDL,NYSE ARCA,2021-02-05,0.686340146084229,38.3885442514475,,,4.162795077361744
IWFL,ETRACS 2x Leveraged US Growth Factor TR ETN,Russell 1000 Growth TR USD Index,RU10GRTR,2x,long,2025-08-27T01:08:28.749899+00:00,Exchange-traded Note,55.126,473.167,5074970,1.7,UBS ETRACS,debt,2026-08-01T00:00:02.74+00:00,https://etracs.ubs.com/product/detail/index/ussymbol/IWFL,NYSE ARCA,2021-02-05,2.19324507951926,-3.51961076010292,,,1.5917128466725412
IWML,ETRACS 2x Leveraged US Size Factor TR ETN,Russell 2000 TR USD Index,RU20INTR,2x,long,2025-08-27T01:09:08.885069+00:00,Exchange-traded Note,31.5256,195.367,6202480,0.95,UBS ETRACS,debt,2026-08-01T00:00:02.74+00:00,https://etracs.ubs.com/product/detail/index/ussymbol/IWML,NYSE ARCA,2021-02-05,-0.992101502755835,32.1944489871226,,,-0.1333641665373081
JBLG,Leverage Shares 2X Long JBL Daily ETF,Jabil Inc,JBL,2x,long,2026-07-07T18:14:27.922232+00:00,Single Stock,12.501,0,158152,0.99,Leverage Shares,equity,2026-08-01T00:00:02.74+00:00,https://leverageshares.com/us/etfs/leverage-shares-2x-long-jbl-daily-etf,AMEX,2026-07-07,3.59401025913005,-3.76443418013857,,,-0.0719424460431682
JDST,Direxion Daily Junior Gold Miners Index Bear 2X Shares,NYSE Arca Gold Miners Index,GDM,2x,short,2025-08-23T14:28:46.463044+00:00,,41.91,368605,32208600,0.92,Direxion Funds,equity,2026-08-01T00:00:02.74+00:00,,NYSE,,7.26900435116457,-16.8452380952381,True,Monthly,4.670329670329664
JEIAF,JPMORGAN ETFS (IRELAND) ICAV US EQ PREMIUM INC ACT UCITS ETF USD ACC,,,,,2025-08-27T00:36:36.784967+00:00,,27.7316,2663.67,42896500,0.45,JPMorgan,equity,2026-08-01T00:00:02.74+00:00,,OTC,,0.491375561675606,2.95519683986991,,,0.49137556167560575
JETD,MAX Airlines -3X Inverse Leveraged ETNs,Prime Airlines Index - Benchmark TR Net,,3x,short,2025-08-27T00:36:36.784967+00:00,,2.41,125774,3761290,0.95,Max,equity,2026-08-01T00:00:02.74+00:00,,AMEX,,1.68776371308017,-50.5133470225873,,,-5.49019607843136
JETU,MAX Airlines 3X Leveraged ETNs,Prime Airlines Index - Benchmark TR Net,,3x,,2025-08-27T00:36:36.784967+00:00,,36.4368,3315.17,5564020,0.95,Max,equity,2026-08-01T00:00:02.74+00:00,,AMEX,,-0.508695331634959,22.4766386554622,,,2.4945147679324924
JNUG,Direxion Daily Junior Gold Miners Index Bull 2X Shares,NYSE Arca Gold Miners Index,GDM,2x,long,2025-08-23T14:31:00.095586+00:00,,111.08,328528,352504000,1.03,Direxion Funds,equity,2026-08-01T00:00:02.74+00:00,,NYSE,,-7.14703669648081,-48.3661042160554,True,Monthly,-5.864406779661019
JOBC,Corgi JOBY 2x Daily ETF,"Joby Aviation, Inc.",JOBY,2x,long,2026-07-10T23:45:36.843819+00:00,Single Stock,19.1399,0,250598,0.45,Corgi,equity,2026-08-01T00:00:02.74+00:00,https://corgifunds.com/jobc,AMEX,2026-07-10,-3.25517213491778,-19.6477749790092,,,3.697142083164032
JOBX,Tradr 2X Long JOBY Daily ETF,"Joby Aviation, Inc",JOBY,2x,long,2025-08-27T00:36:36.784967+00:00,Single Stock,10.8439,85334.6,16921400,1.3,Tradr,equity,2026-08-01T00:00:02.74+00:00,http://tradretfs.com/jobx,CBOE,2025-09-08,-3.86613475177305,-80.9756140350877,True,Monthly,-10.009128630705401
JPUQF,JPMORGAN ETFS (IRELAND) ICAV US EQ PREMIUM INC ACT UCITS ETF USD DIS,,,2x,,2025-08-27T00:36:36.784967+00:00,,24.6135,57938.6,417927000,0.45,JPMorgan,equity,2026-08-01T00:00:02.74+00:00,,OTC,,0.0788807071614632,-2.20164020407191,,,1.14943001093129
KBAB,KraneShares 2x Long BABA Daily ETF,Alibaba Group Holding Limited ADR,BABA,2x,long,2025-08-27T00:36:36.784967+00:00,,8.5623,22950.9,3225190,1,KraneShares,equity,2026-08-01T00:00:02.74+00:00,,NASDAQ,,10.5840264503797,-44.4367293964958,,,17.29178082191782
KBDU,KraneShares 2x Long BIDU Daily ETF,Baidu (ADR),BIDU,2x,long,2025-11-26T06:37:35.500034+00:00,Single Stock,17.9519,1667.33,404532,1.26,KraneShares,equity,2026-08-01T00:00:02.74+00:00,https://kraneshares.com/etf/kbdu/,NASDAQ,2025-11-19,6.63122568382287,-52.0899386175607,,,10.691207300530266
KEEX,Defiance Daily Target 2X Long KEEL ETF,Keel Infrastructure Corp,KEEL,2x,long,2026-04-28T01:00:30.969555+00:00,Single Stock,43.15,18613,3196210,1.31,Defiance,equity,2026-08-01T00:00:02.74+00:00,https://www.defianceetfs.com/btfl/,CBOE,2026-04-27,-3.20706509913706,0.418896904817314,,,-36.73020527859238
KEYG,Leverage Shares 2X Long KEYS Daily ETF,Keysight Technologies,KEYS,2x,long,2026-06-17T04:00:40.223397+00:00,Single Stock,11.4593,3394.3,492855,0.99,Leverage Shares,equity,2026-08-01T00:00:02.74+00:00,https://leverageshares.com/us/etfs/leverage-shares-2x-long-keys-daily-etf,CBOE,2026-06-16,5.02424136888124,-26.3541131105398,,,0.16870629370630424
KEYX,Corgi KEYS 2x Daily ETF,Keysight Technologies,KEYS,2x,long,2026-06-25T03:44:09.240248+00:00,Single Stock,19.8332,0,255999,0.45,Corgi,equity,2026-08-01T00:00:02.74+00:00,https://corgifunds.com/keyx,CBOE,2026-06-24,4.88706495814186,-21.4215530903328,,,0.5276469783213756
KGLD,Kurv Gold Enhanced Income ETF,Gold ETPs,,variable,long,2025-11-03T22:50:13.426491+00:00,Commodity,26.19,85556.3,109896000,1,Kurv,commodity,2026-08-01T00:00:02.74+00:00,https://www.kurvinvest.com/etf/kurv-gold-enhanced-income-etf,CBOE,2025-07-08,-1.50432493418578,-15.4615881213686,,,0.1912777352716171
KJD,KraneShares 2x Long JD Daily ETF,"JD.com, Inc ADR",JD,2x,long,2025-10-17T00:10:33.812322+00:00,Single Stock,23.0287,3728.97,1646840,1.26,KraneShares,equity,2026-08-01T00:00:02.74+00:00,https://kraneshares.com/kjd/,NASDAQ,2025-10-14,4.41913295033578,19.567497403946,True,,19.81633714880334
KLAG,Leverage Shares 2x Long KLAC Daily ETF,KLA Corporation,KLAC,2x,long,2025-12-25T03:46:12.24605+00:00,Single Stock,25.3486,144182,13081400,0.75,Leverage Shares,equity,2026-08-01T00:00:02.74+00:00,https://leverageshares.com/us/etfs/leverage-shares-2x-long-klac-daily-etf,NASDAQ,2025-12-18,2.70907617504052,45.5979322228604,True,,-29.50889877641824
KMLI,KraneShares 2x Long MELI Daily ETF,"MercadoLibre, Inc.",,2x,long,2025-08-27T00:36:36.784967+00:00,,10.0578,52753,9418700,1.26,KraneShares,equity,2026-08-01T00:00:02.74+00:00,,NASDAQ,,-0.932775178527452,-28.1585714285714,,,6.997872340425531
KOLD,ProShares UltraShort Bloomberg Natural Gas,Bloomberg Natural Gas Subindex,BCOMNG,2x,short,2025-08-23T17:15:00.570646+00:00,Commodity,29.34,2655360,99188900,0.95,ProShares,commodity,2026-08-01T00:00:02.74+00:00,https://www.proshares.com/our-etfs/leveraged-and-inverse/kold,NYSE,2011-10-04,-1.11223458038423,-20.6705421116669,True,Weekly,14.609374999999993
KORU,Direxion Daily South Korea Bull 3x Shares,MSCI Korea 25-50,,3x,long,2025-08-23T14:31:00.095645+00:00,,14.99,35213500,1004950000,1.32,Direxion Funds,equity,2026-08-01T00:00:02.74+00:00,,NYSE,,-7.92383292383293,48.4158415841584,True,Monthly,-24.711200401808135
KPDD,KraneShares 2x Long PDD Daily ETF,PDD Holdings Inc,,2x,long,2025-08-27T00:36:36.784967+00:00,,6.06,189753,21708100,1.27,KraneShares,equity,2026-08-01T00:00:02.74+00:00,,NASDAQ,,2.52245850885652,-49.9173553719008,True,Monthly,13.376987839101963
KRWX,Corgi South Korea 2x Daily ETF,iShares MSCI South Korea ETF,,2x,long,2026-06-04T05:35:44.539218+00:00,Broad Market,11.67,10879.8,443974,0.45,Corgi,equity,2026-08-01T00:00:02.74+00:00,https://corgifunds.com/krwx,CBOE,2026-06-03,-4.42260442260443,-51.6169154228856,,,-10.506134969325148
KSLV,Kurv Silver Enhanced Income ETF,Silver ETPs,,variable,long,2025-11-03T22:50:13.426495+00:00,Commodity,24.01,64581.5,87656700,1,Kurv,commodity,2026-08-01T00:00:02.74+00:00,https://www.kurvinvest.com/etf/kurv-silver-enhanced-income-etf,CBOE,2025-09-29,-2.47766043866775,-34.4884038199181,,,-0.373443983402489
KTUP,T-REX 2X Long KTOS Daily Target ETF,"Kratos Defense & Security Solutions, Inc",KTOS,2x,long,2025-08-27T00:36:36.784967+00:00,Single Stock,5.29,228377,8501550,1.5,T-Rex,equity,2026-08-01T00:00:02.74+00:00,https://www.rexshares.com/ktup/,CBOE,2025-09-16,2.12355212355213,-76.4888888888889,True,Monthly,-11.539940803665493
LABD,Direxion Daily S&P Biotech Bear 3X Shares,S&P Biotechnology Select Industry,,3x,short,2025-08-23T14:28:46.463056+00:00,Sector,9.34,13047400,69769000,1.07,Direxion Funds,equity,2026-08-01T00:00:02.74+00:00,https://www.direxion.com/product/daily-sp-biotech-bull-bear-3x-etfs,NYSE,,8.47851335656214,-55.0745550745551,True,Weekly,11.190476190476183
LABU,Direxion Daily S&P Biotech Bull 3X Shares,S&P Biotechnology Select Industry,,3x,long,2025-08-23T14:31:00.095548+00:00,,227.4,481828,506466000,0.96,Direxion Funds,equity,2026-08-01T00:00:02.74+00:00,https://www.direxion.com/product/daily-sp-biotech-bull-bear-3x-etfs,NYSE,,-8.59761244423007,41.2246925847721,True,Weekly,-11.032863849765254
LABX,Tradr 2X Long ALAB Daily ETF,Astera Labs stock,ALAB,2x,long,2025-08-27T00:57:14.479364+00:00,Single Stock,13.27,1016860,38336400,1.3,Tradr ETFs,equity,2026-08-01T00:00:02.74+00:00,https://www.tradretfs.com/LABX,CBOE,2025-08-11,7.9739625711961,62.1255157000987,True,Monthly,-7.783182765809596
LACG,Leverage Shares 2X Long LAC Daily ETF,Lithium Americas Corp,LAC,2x,long,2025-12-25T03:46:12.246077+00:00,Single Stock,,,,0.75,Leverage Shares,equity,2026-07-29T21:36:21.018332+00:00,https://leverageshares.com/us/etfs/leverage-shares-2x-long-lac-daily-etf,NASDAQ,2025-12-11,,,True,Monthly,
LASC,Corgi LASR 2x Daily ETF,"nLIGHT, Inc",LASR,2x,long,2026-06-25T03:44:09.240274+00:00,Single Stock,23.4605,0,609612,0.45,Corgi,equity,2026-08-01T00:00:02.74+00:00,https://corgifunds.com/lasc,CBOE,2026-06-24,9.89605534970653,1.95784441547153,,,-7.123911322248621
LCDL,GraniteShares 2x Long LCID Daily ETF,Lucid Group Inc.,LCID,2x,long,2026-07-29T21:36:21.018332+00:00,Single Stock,,,,1.15,GraniteShares,equity,2026-07-29T21:36:21.018332+00:00,https://graniteshares.com/institutional/us/en-us/etfs/lcdl/,NASDAQ,2024-09-03,,,True,Monthly,
LEUX,Tradr 2X Long LEU Daily ETF,Centrus Energy Corp,LEU,2x,long,2026-02-20T03:33:05.409154+00:00,Single Stock,12.94,69155.4,5296600,1.49,Tradr,equity,2026-08-01T00:00:02.74+00:00,https://www.tradretfs.com/LEUX,CBOE,2026-02-18,1.72955974842766,-48.8941548183254,True,,8.557046979865769
LINT,Direxion Daily INTC Bull 2X ETF,Intel Corporation,INTC,2x,long,2025-11-26T06:37:35.50003+00:00,Single Stock,98.53,166072,51457000,0.97,Direxion,equity,2026-08-01T00:00:02.74+00:00,https://www.direxion.com/product/daily-intc-bull-leveraged-single-stock-etf,NASDAQ,2025-11-19,-2.72484944219568,231.257858674969,,,-21.764332221692868
LITC,Corgi LITE 2x Daily ETF,Lumentum Holdings Inc.,LITE,2x,long,2026-07-10T23:45:36.843818+00:00,Single Stock,19.0443,0,137891,0.45,Corgi,equity,2026-08-01T00:00:02.74+00:00,https://corgifunds.com/litc,AMEX,2026-07-10,6.17564086839201,-24.3373063170441,,,-19.337992376111814
LITU,T-REX 2X Long LITE Daily Target ETF,Lumentum Holdings Inc,LITE,2x,long,2026-05-21T21:04:18.5801+00:00,Single Stock,13.36,134355,2226650,1.5,T-Rex,equity,2026-08-01T00:00:02.74+00:00,https://www.rexshares.com/LITU/,CBOE,2026-05-21,5.94766058683584,-48.5560261840585,,,-25.901275651691634
LITX,Tradr 2X Long LITE Daily ETF,Lumentum Holdings Inc,LITE,2x,long,2026-01-31T05:31:58.667722+00:00,Single Stock,21.32,3151980,195170000,1.49,Tradr,equity,2026-08-01T00:00:02.74+00:00,https://www.tradretfs.com/LITX,CBOE,2026-01-26,5.59683011391778,126.808737447035,True,Monthly,-26.71020969405294
LITZ,Tradr 2X Short LITE Daily ETF,"Lumentum Holdings, Inc",LITE,2x,short,2026-04-28T01:00:30.969562+00:00,Single Stock,16.65,690171,11537100,1.49,Tradr,equity,2026-08-01T00:00:02.74+00:00,https://www.tradretfs.com/LITZ,CBOE,2026-04-22,-6.35545556805401,-33.1593737454837,True,Monthly,11.371237458193976
LLYX,Defiance Daily Target 2X Long LLY ETF,Eli Lilly and Company,LLY,2x,long,2026-07-29T21:36:21.018332+00:00,Single Stock,24.96,389969,54023300,1.32,Defiance ETFs,equity,2026-08-01T00:00:02.74+00:00,https://www.defianceetfs.com/LLYX/,NYSE,2024-08-07,-1.03092783505154,-2.23266745005876,True,Monthly,-7.555555555555553
LMNX,DEFIANCE DAILY TARGET 2X LONG LMND ETF,"Lemonade, Inc.",LMND,2x,long,2025-10-17T00:10:33.812325+00:00,Single Stock,7.6665,66826.7,4069940,1.31,Defiance,equity,2026-08-01T00:00:02.74+00:00,https://www.defianceetfs.com/lmnx/,NASDAQ,2025-10-15,-1.69767531318519,-74.8639344262295,,,-43.16901408450704
LMTL,Direxion Daily LMT Bull 2X ETF,Lockheed Martin Corporation,LMT,2x,long,2025-08-27T00:36:36.784967+00:00,equity,39.1641,30519,8403790,1.07,Direxion,equity,2026-08-01T00:00:02.74+00:00,https://www.direxion.com/product/daily-lmt-bull-and-bear-leveraged-single-stock-etfs,NASDAQ,2025-08-06,3.26015882892669,31.3350100603622,,,3.7459602649006563
LNOK,Defiance Daily Target 2X Long NOK ETF,Nokia Oyj Sponsored ADR,NOK,2x,long,2026-01-23T21:49:11.832528+00:00,Single Stock,28.7,252627,21389000,1.31,Defiance,equity,2026-08-01T00:00:02.74+00:00,https://www.defianceetfs.com/lnok/,CBOE,2026-01-20,1.02076733544526,42.4890402593598,,,-10.814170292106901
LOFF,Direxion Daily SpaceX Bull 2X ETF,SpaceX (Space Exploration Technologies),SPCX,2x,long,2026-06-15T18:30:57.745427+00:00,Single Stock,9.83,1258770,32224000,0.97,Direxion,equity,2026-08-01T00:00:02.74+00:00,https://www.direxion.com/product/daily-spacex-bull-leveraged-single-stock-etf,AMEX,2026-06-15,-6.82464454976304,-65.2404526166902,True,Monthly,-12.93179805137289
LRCC,Corgi LRCX 2x Daily ETF,Lam Research,LRCX,2x,long,2026-07-07T18:14:27.922202+00:00,Single Stock,16.5348,0,248174,0.45,Corgi,equity,2026-08-01T00:00:02.74+00:00,https://corgifunds.com/lrcc,AMEX,2026-07-07,-2.07808974457677,-20.1988416988417,,,-12.79113924050633
LRCU,Tradr 2X Long LRCX Daily ETF,Lam Research Corp.,LRCX,2x,long,2025-08-27T00:57:53.099913+00:00,Single Stock,46.75,168544,29986800,1.3,Tradr ETFs,equity,2026-08-01T00:00:02.74+00:00,https://www.tradretfs.com/LRCU,CBOE,2025-08-18,-2.74599542334096,87.5001875001875,True,Monthly,-16.09834888729361
LRNX,Corgi LRN 2x Daily ETF,"Stride, Inc",LRN,2x,long,2026-06-25T03:44:09.240245+00:00,Single Stock,22.0923,0,336562,0.45,Corgi,equity,2026-08-01T00:00:02.74+00:00,https://corgifunds.com/lrnx,CBOE,2026-06-24,-6.40085412509374,-13.1591981132075,,,-17.20210477396916
LTL,ProShares Ultra Communication Services,S&P Communication Services Select Sector Index,,2x,long,2025-08-23T17:15:00.570649+00:00,Sector,22.9817,4473.93,6366410,0.95,ProShares,equity,2026-08-01T00:00:02.74+00:00,https://www.proshares.com/our-etfs/leveraged-and-inverse/ltl,NYSE,2008-03-25,3.02738227593874,-20.533540802213,True,Monthly,3.4512716632905702
LULG,Leverage Shares 2X Long LULU Daily ETF,Lululemon Athletica Inc.,LULU,2x,long,2025-11-06T23:54:42.258907+00:00,Single Stock,6.43,113611,7691450,0.75,Leverage Shares,equity,2026-08-01T00:00:02.74+00:00,https://leverageshares.com/us/etfs/leverage-shares-2x-long-lulu-daily-etf,NASDAQ,2025-11-05,-1.27437432826655,-73.0849727919632,True,Monthly,12.807017543859642
LUNL,Defiance Daily Target 2X Long LUNR ETF,"Intuitive Machines, Inc",LUNR,2x,long,2026-01-14T05:56:23.904387+00:00,Single Stock,2.94,1064040,11893200,1.31,Defiance,equity,2026-08-01T00:00:02.74+00:00,https://www.defianceetfs.com/LUNL/,CBOE,2026-01-12,1.37581462708182,-85.5457227138643,,,-19.891008174386922
MAAY,GraniteShares YieldBOOST MARA ETF,MARA Holdings (selling put options on 2x Long MARA Daily ETF),MARA,variable,long,2025-11-06T23:54:42.258895+00:00,Single Stock,5.825,20380.7,2920010,1.07,GraniteShares,equity,2026-08-01T00:00:02.74+00:00,https://graniteshares.com/institutional/us/en-us/etfs/MAAY,NASDAQ,2025-11-04,-2.26510067114094,-57.1376011773363,,,-3.55960264900662
MAGX,Daily 2X Long Magnificent Seven ETF,Magnificent Seven Companies,,2x,long,2026-07-29T21:36:21.018332+00:00,Basket of Stocks,52.96,77519.8,50562000,0.95,Roundhill Investments,equity,2026-08-01T00:00:02.74+00:00,https://www.roundhillinvestments.com/etf/magx/,CBOE,2025-02-29,6.55442504672822,-8.90952872377021,True,Monthly,7.883479323691175
MATE,Man Active Trend Enhanced ETF,Mix of S&P 500 ETF and other assets,,2x,long,2026-02-18T04:34:19.078004+00:00,Multi-Asset,30.1911,6449.73,37200900,0.97,Man,misc,2026-08-01T00:00:02.74+00:00,https://www.man.com/products/man-active-trend-enhanced-etf,NASDAQ,2025-12-16,1.03947390438579,15.2772050400916,,,0.6369999999999957
MCHG,Leverage Shares 2X Long MCHP Daily ETF,Microchip Technology Inc,MCHP,2x,long,2026-06-17T04:00:40.223411+00:00,Single Stock,7.7131,5997.13,497952,0.99,Leverage Shares,equity,2026-08-01T00:00:02.74+00:00,https://leverageshares.com/us/etfs/leverage-shares-2x-long-mchp-daily-etf,CBOE,2026-06-16,-1.49297573435505,-49.1220316622691,,,-11.547018348623862
MCHU,Tradr 2X Long MCHP Daily ETF,Microchip Technology,MCHP,2x,long,2026-05-28T23:36:01.088007+00:00,Single Stock,13.4968,4547.03,311340,1.3,Tradr,equity,2026-08-01T00:00:02.74+00:00,https://www.tradretfs.com/MCHU,CBOE,2026-05-27,-1.91279069767441,-44.5944170771757,True,,-13.868538608806634
METD,Direxion Daily META Bear 1X Shares,Meta Platforms Inc,META,1x,short,2025-08-27T00:36:36.784967+00:00,Single Stock,17.27,703526,8678270,1.02,Direxion,equity,2026-08-01T00:00:02.74+00:00,https://www.direxion.com/product/daily-meta-bull-and-bear-leveraged-single-stock-etfs,NASDAQ,2024-06-05,-3.30347144456887,9.23535253227407,,,8.140262993112078
METG,Leverage Shares 2X Long META Daily ETF,Meta Platforms,META,2x,long,2026-07-07T18:14:27.922178+00:00,Single Stock,12.5612,0,209990,0.75,Leverage Shares,equity,2026-08-01T00:00:02.74+00:00,https://leverageshares.com/us/etfs/leverage-shares-2x-long-meta-daily-etf,AMEX,2026-07-02,7.5445205479452,-19.1685971685972,,,-15.469717362045762
METU,Direxion Daily META Bull 2X Shares,Meta Platforms Inc,META,2x,long,2025-08-27T00:36:36.784967+00:00,,19.06,5811170,370237000,1.02,Direxion,equity,2026-08-01T00:00:02.74+00:00,https://www.direxion.com/product/daily-meta-bull-and-bear-leveraged-single-stock-etfs,NASDAQ,,6.65920537213205,-41.0910214804512,True,Monthly,-16.109154929577464
METW,META WeeklyPay ETF,Meta Platforms Inc,META,1.2x,long,2025-08-27T01:20:57.542634+00:00,Single Stock,22.9,16370.4,25376800,1,Roundhill Investments,equity,2026-08-01T00:00:02.74+00:00,https://www.roundhillinvestments.com/etf/METW,CBOE,2025-06-18,3.94916023604175,-35.6651215058295,True,Monthly,-10.441924129839663
MEXX,Direxion Daily MSCI Mexico Bull 3X Shares,MSCI Mexico IMI 25-50,,3x,long,2025-08-23T14:31:00.095745+00:00,,29.63,13467,18913800,1.23,Direxion Funds,equity,2026-08-01T00:00:02.74+00:00,,NYSE,,-1.23333333333334,14.8894920511826,True,Monthly,6.69787540511343
MGKX,Corgi U.S. Mega-Cap Growth 2x Daily ETF,,,2x,long,2026-06-04T23:15:47.125911+00:00,Broad Market,21.6628,220.8,300314,0.45,Corgi,equity,2026-08-01T00:00:02.74+00:00,https://corgifunds.com/mgkx,CBOE,2026-06-03,2.56764754622287,-11.3633387888707,,,2.327822390174771
MHX,Corgi MARA 2x Daily ETF,"MARA Holdings, Inc.",MARA,2x,long,2026-07-15T21:29:16.98997+00:00,Single Stock,20.1248,0,242314,0.45,Corgi,equity,2026-08-01T00:00:02.74+00:00,https://corgifunds.com/mhx,CBOE,2026-07-14,-7.7263077776606,-12.9926502377864,,,-14.326096211153676
MIC,Corgi MU 2x Daily ETF,Micron Technology,MU,2x,long,2026-06-27T04:50:19.324694+00:00,Single Stock,10.33,0,377946,0.45,Corgi,equity,2026-08-01T00:00:02.74+00:00,https://corgifunds.com/mic,CBOE,2026-06-26,-10.1653201610589,-48.35,,,-32.878492527615336
MIDU,Direxion Daily Mid Cap Bull 3X Shares,S&P Mid Cap 400,,3x,long,2025-08-23T14:31:00.095673+00:00,,68.71,18110.2,67339900,0.98,Direxion Funds,equity,2026-08-01T00:00:02.74+00:00,,NYSE,,-0.43471960585424,33.9637356209787,True,Monthly,-2.4144297684987968
MLPR,ETRACS Quarterly Pay 1.5x Leveraged Alerian MLP Index ETN,Alerian MLP Index,,1.5x,long,2025-08-27T01:09:54.185265+00:00,Exchange-traded Note,75.5417,722.567,11091400,1.9,UBS ETRACS,debt,2026-08-01T00:00:02.74+00:00,https://etracs.ubs.com/product/detail/index/ussymbol/MLPR,NYSE ARCA,2020-06-02,1.6246939489332,27.9732268551381,,,1.0454774672586202
MNSX,Corgi MNST 2x Daily ETF,Monster Beverage,MNST,2x,long,2026-06-25T03:44:09.240283+00:00,Single Stock,26.0711,0,397448,0.45,Corgi,equity,2026-08-01T00:00:02.74+00:00,https://corgifunds.com/mnsx,CBOE,2026-06-24,-2.1696629930242,0.1194316436252,,,6.41352174303464
MPG,Leverage Shares 2X Long MP Daily ETF,MP Materials Corp,MP,2x,long,2025-10-28T03:11:28.540072+00:00,Single Stock,3.0399,196762,2539000,0.76,Leverage Shares,equity,2026-08-01T00:00:02.74+00:00,https://leverageshares.com/us/etfs/leverage-shares-2x-long-mp-daily-etf,NASDAQ,2025-10-27,-1.5417004048583,-55.8795355587808,True,Monthly,-16.25619834710744
MPL,Defiance Daily Target 2X Long MP ETF,MP Materials,MP,2x,long,2025-10-24T05:10:55.187034+00:00,Single Stock,8.1775,21014.4,2014550,1.31,Defiance,equity,2026-08-01T00:00:02.74+00:00,https://www.defianceetfs.com/mpl/,AMEX,2025-10-20,-1.71274038461539,-58.6368234699039,,,-14.46129707112971
MPWC,Corgi MPWR 2x Daily ETF,Monolithic Power Systems,MPWR,2x,long,2026-07-07T18:14:27.92222+00:00,Single Stock,27.3829,0,418106,0.45,Corgi,equity,2026-08-01T00:00:02.74+00:00,https://corgifunds.com/mpwc,AMEX,2026-07-07,18.1427918094038,19.2635017421603,,,14.601093993914805
MPWX,Tradr 2X Long MPWR Daily ETF,"Monolithic Power Systems, Inc",MPWR,2x,long,2026-04-28T01:00:30.969564+00:00,Single Stock,17.2,24938,1666090,1.49,Tradr,equity,2026-08-01T00:00:02.74+00:00,https://www.tradretfs.com/MPWX,CBOE,2026-04-24,15.9811193526635,-32.0963284642716,True,Monthly,5.521472392638028
MQQQ,Tradr 2X Long Innovation 100 Monthly ETF,Invesco QQQ Trust,QQQ,2x,long,2025-08-27T00:58:28.750689+00:00,Basket of Stocks,212.443,47992.1,183888000,0.95,Tradr ETFs,equity,2026-08-01T00:00:02.74+00:00,https://www.tradretfs.com/MQQQ,NASDAQ,2024-08-30,1.69325283764534,14.834,True,Monthly,-0.2662316323177232
MRAL,GraniteShares 2x Long MARA Daily ETF,MARA Holdings Inc.,MARA,2x,long,2026-07-29T21:36:21.018332+00:00,Single Stock,41.9877,105070,34418100,1.5,GraniteShares,equity,2026-08-01T00:00:02.74+00:00,https://graniteshares.com/institutional/us/en-us/etfs/mral/,NASDAQ,2024-09-03,-8.95988725065048,-12.343006263048,True,Monthly,-22.958348623853215
MRNX,Defiance Daily Target 2X Long MRNA ETF,"Moderna, Inc.",MRNA,2x,long,2026-02-04T19:39:19.214105+00:00,Single Stock,24.27,38053.4,2176150,1.31,Defiance,equity,2026-08-01T00:00:02.74+00:00,https://www.defianceetfs.com/MRNX/,AMEX,2026-02-03,-10.5088495575221,17.7583697234352,,,-8.896396396396401
MRVU,Direxion Daily MRVL Bull 2X ETF,"Marvell Technology, Inc.",MRVL,2x,long,2026-02-12T19:08:19.32359+00:00,Single Stock,82.34,253513,71368900,0.97,Direxion,equity,2026-08-01T00:00:02.74+00:00,https://www.direxion.com/product/daily-mrvl-bull-leveraged-single-stock-etf,NASDAQ,2026-02-11,4.42612555485099,234.731775533766,True,Monthly,-17.420519506569043
MRVX,Corgi MRVL 2x Daily ETF,"Marvell Technology, Inc.",MRVL,2x,long,2026-07-15T21:29:16.989932+00:00,Single Stock,17.6476,0,201856,0.45,Corgi,equity,2026-08-01T00:00:02.74+00:00,https://corgifunds.com/mrvx,CBOE,2026-07-14,5.76671820873338,-32.8733358691518,,,-14.41513094083414
MSFC,Corgi MSFT 2x Daily ETF,Microsoft,MSFT,2x,long,2026-06-27T04:50:19.324677+00:00,Single Stock,41.9948,0,301068,0.2,Corgi,equity,2026-08-01T00:00:02.74+00:00,https://corgifunds.com/msfc,CBOE,2026-06-26,6.36684388226265,54.6376795584179,,,45.56811524876164
MSFD,Direxion Daily MSFT Bear 1X Shares,Microsoft Corp,MSFT,1x,short,2025-08-23T14:28:46.463239+00:00,Single Stock,11.11,1203320,8134210,1.02,Direxion Funds,equity,2026-08-01T00:00:02.74+00:00,https://www.direxion.com/product/daily-msft-bear-leveraged-single-stock-etfs,NASDAQ,2022-09-07,-2.88461538461539,-3.30722367275893,True,Monthly,-18.727139722019025
MSFL,GraniteShares 2x Long Microsoft ETF,Microsoft Corp,MSFT,2x,long,2025-08-23T14:30:49.7804+00:00,,22.11,2135390,89367300,1.15,GraniteShares,equity,2026-08-01T00:00:02.74+00:00,https://graniteshares.com/institutional/us/en-us/etfs/msfl,NASDAQ,2024-03-04,5.78947368421053,-18.7729610580456,True,Monthly,40.64885496183205
MSFU,Direxion Daily MSFT Bull 2X ETF,Microsoft Corporation,MSFT,2x,long,2025-08-23T14:31:00.09563+00:00,Single Stock,33.23,8621780,740974000,0.98,Direxion Funds,equity,2026-08-01T00:00:02.74+00:00,https://www.direxion.com/product/daily-msft-bull-and-bear-leveraged-single-stock-etfs,NASDAQ,2022-09-07,5.89547482472912,-20.1297920922966,True,Monthly,40.80508474576269
MSFW,MSFT WeeklyPayâ¢ ETF,Microsoft Corp,MSFT,1.2x,long,2025-08-27T01:23:00.221727+00:00,Single Stock,30.76,19305.5,27875100,1,Roundhill Investments,equity,2026-08-01T00:00:02.74+00:00,https://www.roundhillinvestments.com/etf/MSFW,CBOE,2025-07-24,3.46451395896401,-21.7700915564598,True,Monthly,23.040000000000006
MSFX,T-REX 2X Long Microsoft Daily Target ETF,Microsoft Corp.,MSFT,2x,long,2026-07-29T21:36:21.018332+00:00,Single Stock,21.92,364732,29133600,1.05,REX,equity,2026-08-01T00:00:02.74+00:00,https://www.rexshares.com/MSFX,CBOE,2024-01-11,5.74047274481429,-19.8830409356725,True,Monthly,41.69360051712994
MSIX,Corgi MSI 2x Daily ETF,Motorola Solutions,MSI,2x,long,2026-06-25T03:44:09.240251+00:00,Single Stock,30.8311,0,305432,0.45,Corgi,equity,2026-08-01T00:00:02.74+00:00,https://corgifunds.com/msix,CBOE,2026-06-24,2.47758902069754,16.7402499053389,,,8.630591650928773
MSOX,AdvisorShares MSOS Daily Leveraged ETF,,,2x,,2025-08-27T00:36:36.784967+00:00,,2.26,2006880,44618000,0.97,AdvisorShares,equity,2026-08-01T00:00:02.74+00:00,https://advisorshares.com/etfs//MSOX,AMEX,,0.444444444444435,-50.8695652173913,True,Monthly,-6.224066390041508
MST,Defiance Leveraged Long + Income MSTR ETF,MicroStrategy,MSTR,1.5x,long,2026-07-29T21:36:21.018332+00:00,Single Stock,7.88,106574,12405300,1.31,Defiance ETFs,equity,2026-08-01T00:00:02.74+00:00,https://www.defianceetfs.com/MST/,NASDAQ,2025-05-01,-5.83399058339906,-81.2693130496791,True,Monthly,-0.6305170239596447
MSTC,Corgi MSTR 2x Daily ETF,MicroStrategy,MSTR,2x,long,2026-06-27T04:50:19.324673+00:00,Single Stock,28.1896,0,420626,0.2,Corgi,equity,2026-08-01T00:00:02.74+00:00,https://corgifunds.com/mstc,CBOE,2026-06-26,-7.73571257908363,18.1953878406708,,,2.9960247866245773
MSTP,GraniteShares 2x Long Master ETF,MicroStrategy Inc,,2x,long,2025-08-23T14:30:49.780406+00:00,,12.3309,80371.7,6776000,1.5,GraniteShares,equity,2026-08-01T00:00:02.74+00:00,https://graniteshares.com/institutional/us/en-us/etfs/mstp,NASDAQ,2025-06-09,-8.27202463754101,-78.3668421052632,,,-0.7309788515259568
MSTU,T-REX 2X Long MSTR Daily Target ETF,MicroStrategy Inc,MSTR,2x,long,2025-08-23T14:31:10.411641+00:00,Single Stock,1.76,91448100,321979000,1.05,REX,equity,2026-08-01T00:00:02.74+00:00,https://www.rexshares.com//MSTU,CBOE,2024-09-18,-8.33333333333333,-79.5586527293844,True,Weekly,-1.1235955056179785
MSTW,Roundhill MSTR WeeklyPay ETF,MicroStrategy,,1.2x,long,2025-08-23T14:31:10.680478+00:00,Single Stock,3.21,482789,34891600,1,Roundhill Investments,equity,2026-08-01T00:00:02.74+00:00,https://www.roundhillinvestments.com/etf/mstw,CBOE,2025-07-24,-5.02958579881657,-67.9,True,Monthly,-1.5337423312883383
MSTX,Daily Target 2X Long MSTR ETF,MicroStrategy,MSTR,2x,long,2026-07-29T21:36:21.018332+00:00,Single Stock,8.04,8234630,143074000,1.31,Defiance ETFs,equity,2026-08-01T00:00:02.74+00:00,https://www.defianceetfs.com/MSTX/,NASDAQ,2024-08-14,-8.53242320819113,-79.7989949748744,True,Weekly,-0.8631319358816312
MSTZ,T-REX 2X Inverse MSTR Daily Target ETF,MicroStrategy Inc,MSTR,2x,short,2025-08-23T14:28:56.74069+00:00,Single Stock,11.93,14815800,113914000,1.05,REX,equity,2026-08-01T00:00:02.74+00:00,https://www.rexshares.com//MSTZ,CBOE,2024-09-18,8.94977168949772,-28.0892103676914,True,Weekly,-3.7903225806451664
MTSG,Leverage Shares 2X Long MTSI Daily ETF,MACOM Technology,MTSI,2x,long,2026-06-24T04:52:15.469072+00:00,Single Stock,5.598,0,161556,0.99,Leverage Shares,equity,2026-08-01T00:00:02.74+00:00,https://leverageshares.com/us/etfs/leverage-shares-2x-long-mtsi-daily-etf,CBOE,2026-06-23,3.55544045284694,-59.198250728863,,,-18.751814223512337
MTUL,ETRACS 2x Leveraged MSCI US Momentum Factor TR ETN,MSCI USA Momentum GR USD Index,,2x,long,2025-08-27T01:10:30.294022+00:00,ETN,52.0147,2185.37,6796340,0.95,UBS ETRACS,debt,2026-08-01T00:00:02.74+00:00,https://etracs.ubs.com/product/detail/index/ussymbol/MTUL,NYSE ARCA,2021-02-05,1.88971596474045,35.8898662646857,,,-14.20963219528287
MTYY,GraniteShares YieldBOOST MSTR ETF,MicroStrategy Inc,MSTR,variable,long,2025-09-23T00:36:36.784967+00:00,Single Stock,18.2291,2592.33,1555170,1.07,GraniteShares,equity,2026-08-01T00:00:02.74+00:00,https://graniteshares.com/institutional/us/en-us/etfs/mtyy/,NASDAQ,2025-09-23,-1.08792377479707,-63.6580940988836,True,,-2.0993555316863697
MUD,Direxion Daily MU Bear 1X Shares,"Micron Technology, Inc",MU,1x,short,2025-08-23T14:28:46.463355+00:00,Single Stock,12.37,17580600,60168700,1.02,Direxion Funds,equity,2026-08-01T00:00:02.74+00:00,https://www.direxion.com/product/daily-mu-bull-and-bear-leveraged-single-stock-etfs,NASDAQ,2024-10-10,5.99828620394173,-78.1448763250883,,,10.151380231522696
MULL,GraniteShares 2x Long MU Daily ETF,Micron Technology Inc.,MU,2x,long,2026-07-29T21:36:21.018332+00:00,Single Stock,16.48,10568600,388971000,1.5,GraniteShares,equity,2026-08-01T00:00:02.74+00:00,https://graniteshares.com/institutional/us/en-us/etfs/mull/,NASDAQ,2024-09-03,-11.965811965812,329.972865790023,True,Monthly,-30.683491062039952
MUU,Direxion Daily MU Bull 2X Shares,"Micron Technology, Inc.",MU,2x,long,2025-08-23T14:31:00.095701+00:00,Single Stock,23.67,58017000,2870840000,1.01,Direxion Funds,equity,2026-08-01T00:00:02.74+00:00,https://www.direxion.com/product/daily-mu-bull-and-bear-leveraged-single-stock-etfs,NASDAQ,2024-10-10,-12.2358175750834,341.851782714206,True,Monthly,-30.829924021040323
MUYY,GraniteShares YieldBoost MU ETF,"Micron Technology, Inc",MU,variable,long,2026-04-14T17:31:44.157214+00:00,Single Stock,19.75,75019.1,15689400,1.07,GraniteShares,equity,2026-08-01T00:00:02.74+00:00,https://graniteshares.com/etfs/muyy/,NASDAQ,2026-04-14,-1.93644488579941,-21.3147410358566,True,,-3.8929440389294436
MUZ,Defiance Daily Target 2X Short MU ETF,"Micron Technology, Inc",MU,2x,short,2026-06-10T04:32:06.845513+00:00,Single Stock,13.65,13459900,7354100,1.31,Defiance,equity,2026-08-01T00:00:02.74+00:00,https://www.defianceetfs.com/MUZ/,AMEX,2026-06-08,11.3376835236542,-27.2,True,Monthly,12.345679012345679
MVLL,GraniteShares 2x Long MRVL Daily ETF,Marvell Technology Inc.,MRVL,2x,long,2026-07-29T21:36:21.018332+00:00,Single Stock,20.33,4126340,191104000,1.5,GraniteShares,equity,2026-08-01T00:00:02.74+00:00,https://graniteshares.com/institutional/us/en-us/etfs/mvll/,NASDAQ,2025-03-03,4.73982483256053,173.74354124803,True,Monthly,-17.858585858585865
MVPL,Miller Value Partners Leverage ETF,,,2x,,2025-08-27T00:36:36.784967+00:00,,42.3015,747.3,24173700,1.72,Miller,equity,2026-08-01T00:00:02.74+00:00,,AMEX,,1.75282877265904,16.4852443487384,,,2.477046440078475
MVRL,ETRACS Monthly Pay 1.5x Leveraged Mortgage REIT ETN,MVIS US Mortgage REITs Index,MVMORT,1.5x,long,2025-08-27T01:11:07.970415+00:00,Exchange-traded Note,12.8931,5212.03,12542100,1.9,UBS ETRACS,debt,2026-08-01T00:00:02.74+00:00,https://etracs.ubs.com/product/detail/index/ussymbol/MVRL,NYSE ARCA,2020-06-02,-1.35574546873445,-14.2746010638298,,,-4.6720887245841025
MVV,ProShares Ultra MidCap400,S&P MidCap 400,MID,2x,long,2025-08-23T17:15:00.570653+00:00,Broad Market,87.318,10309.7,150424000,0.95,ProShares,equity,2026-08-01T00:00:02.74+00:00,https://www.proshares.com/our-etfs/leveraged-and-inverse/mvv,NYSE,2006-06-19,-0.110622126484445,25.1153460381143,True,Monthly,-1.3801671560876534
MYY,ProShares Short MidCap400,S&P MidCap 400,MID,1x,short,2025-08-23T17:15:00.570656+00:00,Broad Market,15.3624,9516.3,2999770,0.95,ProShares,equity,2026-08-01T00:00:02.74+00:00,https://www.proshares.com/our-etfs/leveraged-and-inverse/myy,NYSE,2006-06-19,0.0156249999999983,-11.907792878032,True,,0.9356110381077433
MZZ,ProShares UltraShort MidCap400,S&P MidCap 400,MID,2x,short,2025-08-23T17:15:00.570658+00:00,Broad Market,6.0506,4848.17,2541800,0.95,ProShares,equity,2026-08-01T00:00:02.74+00:00,https://www.proshares.com/our-etfs/leveraged-and-inverse/mzz,NYSE,2006-07-11,0.139022210453146,-22.6265984654731,True,Monthly,1.3500837520938098
NAIL,Direxion Daily Homebuilders & Supplies Bull 3X Shares,DJ US Select / Home Construction,,3x,long,2025-08-23T14:31:00.095567+00:00,,37.01,1179140,553929000,0.96,Direxion Funds,equity,2026-08-01T00:00:02.74+00:00,,NYSE,,-3.77015080603225,-26.4214711729622,True,Weekly,-1.7781316348195375
NBIC,Corgi NBIS 2x Daily ETF,Nebius Group N.V.,NBIS,2x,long,2026-07-15T21:29:16.989942+00:00,Single Stock,16.9906,0,376355,0.45,Corgi,equity,2026-08-01T00:00:02.74+00:00,https://corgifunds.com/nbic,CBOE,2026-07-14,2.20217149387951,-26.6064794816415,,,-28.610924369747902
NBIG,Leverage Shares 2X Long NBIS Daily ETF,Nebius Group N.V,NBIS,2x,long,2025-10-28T03:11:28.540066+00:00,Single Stock,14.58,2275020,55884800,0.76,Leverage Shares,equity,2026-08-01T00:00:02.74+00:00,https://leverageshares.com/us/etfs/leverage-shares-2x-long-nbis-daily-etf,NASDAQ,2025-10-27,1.95804195804195,110.38961038961,True,Monthly,-32.40611961057024
NBIL,GraniteShares 2x Long NBIS Daily ETF,Nebius Group N.V,NBIS,2x,long,2025-10-07T01:08:37.212794+00:00,Single Stock,21.06,3060510,98476800,1.5,GraniteShares,equity,2026-08-01T00:00:02.74+00:00,https://graniteshares.com/institutional/us/en-us/etfs/NBIL,NASDAQ,2025-10-07,2.88226673180264,116,,,-31.645569620253166
NBIZ,Tradr 2X Short NBIS Daily ETF,Nebius Group N.V,NBIS,2x,short,2026-01-23T21:49:11.832576+00:00,Single Stock,19.01,2030920,25044100,1.49,Tradr,equity,2026-08-01T00:00:02.74+00:00,https://www.tradretfs.com/NBIZ,CBOE,2026-01-21,-2.71238485158648,-97.2675003593503,True,Monthly,-15.058087578194808
NBOS,Neuberger Berman Option Strategy ETF,,,,,2025-08-27T00:36:36.784967+00:00,,28.2,73581,479547000,0.57,Neuberger Berman,equity,2026-08-01T00:00:02.74+00:00,,AMEX,,0.642398286937901,2.62008733624454,,,0.10649627263044935
NEBX,Tradr 2X Long NBIS Daily ETF,Nebius Group N.V,NBIS,2x,long,2025-08-27T00:36:36.784967+00:00,Single Stock,21.68,2573180,125118000,1.3,Tradr,equity,2026-08-01T00:00:02.74+00:00,https://www.tradretfs.com/nebx,CBOE,2025-09-08,1.87969924812029,112.618715397401,True,Monthly,-32.25
NEMG,Leverage Shares 2x Long NEM Daily ETF,Newmont Corporation,NEM,2x,long,2025-11-18T04:37:38.789007+00:00,Single Stock,13.3881,5410.27,1020740,0.75,Leverage Shares,equity,2026-08-01T00:00:02.74+00:00,https://leverageshares.com/us/etfs/leverage-shares-2x-long-nem-daily-etf,NASDAQ,2025-11-17,-4.29620204301921,-30.2703125,True,Monthly,-0.05151175811870031
NETG,Leverage Shares 2X Long NET Daily ETF,Netgear Inc.,NET,2x,long,2025-11-18T04:37:38.789024+00:00,Single Stock,16.9269,82563,5415490,0.75,Leverage Shares,equity,2026-08-01T00:00:02.74+00:00,https://leverageshares.com/us/etfs/leverage-shares-2x-long-net-daily-etf/,NASDAQ,2025-11-17,-3.33009708737865,36.5072580645161,True,Monthly,12.17296222664016
NFLU,T-Rex 2x Long Netflix Daily ETF,Netflix Inc,NFLX,2x,long,2025-08-23T14:31:10.411706+00:00,,16.19,299321,54861900,1.05,REX,equity,2026-08-01T00:00:02.74+00:00,https://www.rexshares.com//NFLU,CBOE,,-4.37093916125221,-50.5648854961832,True,Monthly,6.6534914361001425
NFLW,Roundhill NFLX Weekly Pay ETF,Netflix Inc,NFLX,1.2x,long,2025-08-23T14:31:10.68058+00:00,Single Stock,15.8857,26380.7,7372170,1,Roundhill Investments,equity,2026-08-01T00:00:02.74+00:00,https://www.roundhillinvestments.com/etf/nflw,CBOE,2025-06-18,-2.42318890431322,-42.2128046562386,True,Monthly,4.032089063523251
NFX,Corgi NFLX 2x Daily ETF,Netflix,NFLX,2x,long,2026-07-07T18:14:27.922184+00:00,Single Stock,21.8418,0,346128,0.45,Corgi,equity,2026-08-01T00:00:02.74+00:00,https://corgifunds.com/nfx,AMEX,2026-07-07,-4.25176554136693,-14.3794590356723,,,4.162831622068863
NFXL,Direxion Daily Netflix Bull 2X Shares,Netflix Inc,NFLX,2x,long,2025-08-23T14:31:00.095663+00:00,,15.35,1650680,148874000,1.05,Direxion Funds,equity,2026-08-01T00:00:02.74+00:00,,NASDAQ,,-4.18227215980025,-50.2431118314425,,,6.523247744621786
NFXS,Direxion Daily Netflix Bear 1X Shares,Netflix Inc,NFLX,1x,short,2025-08-23T14:28:46.463205+00:00,,21.3313,42391.8,5197770,1.03,Direxion Funds,equity,2026-08-01T00:00:02.74+00:00,,NASDAQ,,2.11396046855626,23.9471237652527,,,-3.347077480743097
NIOG,Leverage Shares 2X Long NIO Daily ETF,Nio Inc,NIO,2x,long,2025-12-25T03:46:12.246047+00:00,Single Stock,11.7432,15141.1,4172250,0.75,Leverage Shares,equity,2026-08-01T00:00:02.74+00:00,https://leverageshares.com/us/etfs/leverage-shares-2x-long-nio-daily-etf,NASDAQ,2025-12-18,2.77702412939024,-31.8839907192575,True,,10.78490566037736
NOWL,GraniteShares 2x Long NOW Daily ETF,ServiceNow Inc.,NOW,2x,long,2026-07-29T21:36:21.018332+00:00,Single Stock,5.24,20581000,253422000,1.5,GraniteShares,equity,2026-08-01T00:00:02.74+00:00,https://graniteshares.com/institutional/us/en-us/etfs/nowl/,NASDAQ,2024-09-03,2.14424951267057,-62.9681978798587,True,Monthly,35.05154639175259
NOWX,Corgi NOW 2x Daily ETF,"ServiceNow, Inc.",NOW,2x,long,2026-07-15T21:29:16.989946+00:00,Single Stock,24.2421,0,393614,0.45,Corgi,equity,2026-08-01T00:00:02.74+00:00,https://corgifunds.com/nowx,CBOE,2026-07-14,2.52613682501015,6.325,,,32.21761658031088
NRGD,MicroSectors U.S. Big Oil -3 Inverse Leveraged ETN,Solactive MicroSectors U.S. Big Oil Index,,3x,short,2025-08-27T00:36:36.784967+00:00,,18.98,20673.7,20188700,2.6,REX Microsectors,equity,2026-08-01T00:00:02.74+00:00,,AMEX,,-3.99595346484572,-75.9792444472568,,,-4.909819639278559
NRGU,MicroSectors U.S. Big Oil 3 Leveraged ETN,Solactive MicroSectors U.S. Big Oil Index,,3x,,2025-08-27T00:36:36.784967+00:00,,45,89496.6,63553200,2.6,REX Microsectors,equity,2026-08-01T00:00:02.74+00:00,,AMEX,,2.85714285714286,157.142857142857,,,2.272727272727273
NTAL,GraniteShares 2x Long NTAP Daily ETF,"NetApp, Inc.",NTAP,2x,long,2026-07-15T21:29:16.989988+00:00,Single Stock,28.9769,0,821727,1.5,GraniteShares,equity,2026-08-01T00:00:02.74+00:00,https://graniteshares.com/institutional/us/en-us/etfs/ntal,NASDAQ,2026-07-14,4.81786941580756,-5.52037821975873,,,12.860370009737098
NTSE,WisdomTree Emerging Markets Efficient Core Fund,,,,,2025-08-27T00:36:36.784967+00:00,,44.59,4190.3,51513600,0.32,WisdomTree,,2026-08-01T00:00:02.74+00:00,,AMEX,,0.547271198021089,15.0709677419355,,,-0.2906976744185945
NTSI,WisdomTree International Efficient Core Fund,,,,,2025-08-27T00:36:36.784967+00:00,,47.5116,23852.9,485046000,0.26,WisdomTree,,2026-08-01T00:00:02.74+00:00,,AMEX,,-0.893617021276588,7.03221446271683,,,2.1093872568509506
NTSX,WisdomTree U.S. Efficient Core Fund,U.S. equity securities and U.S. Treasury,,variable,long,2025-08-27T00:36:36.784967+00:00,Broad Market,58.48,37145,1329530000,0.2,WisdomTree,misc,2026-08-01T00:00:02.74+00:00,https://www.wisdomtree.com/investments/etfs/capital-efficient/ntsx,AMEX,2018-08-02,0.706044429137242,6.03807796917497,True,Monthly,1.2465373961218817
NUG,Leverage Shares 2X Long NU Daily ETF,Nu Holdings Ltd,NU,2x,long,2025-11-18T04:37:38.78902+00:00,Single Stock,10.0646,9238.17,1738570,0.75,Leverage Shares,equity,2026-08-01T00:00:02.74+00:00,https://leverageshares.com/us/etfs/leverage-shares-2x-long-nu-daily-etf/,NASDAQ,2025-11-17,-2.3243175046826,-38.4051407588739,True,,3.545267489711932
NUGT,Direxion Daily Gold Miners Index Bull 2X Shares,NYSE Arca Gold Miners Index,GDM,2x,long,2025-08-23T14:31:00.095558+00:00,Index,110.82,658600,838106000,1.13,Direxion Funds,equity,2026-08-01T00:00:02.74+00:00,https://www.direxion.com/product/daily-gold-miners-bull-bear-2x-etfs,NYSE,2010-12-08,-6.71717171717172,-41.6706142428549,True,Weekly,-3.827128351991678
NUGY,GraniteShares YieldBOOST Gold Miners ETF,Arca Gold Miners Index,GDM,variable,long,2025-11-26T06:37:35.500068+00:00,Sector,12.9927,10036.6,6645310,1.07,GraniteShares,equity,2026-08-01T00:00:02.74+00:00,https://graniteshares.com/institutional/us/en-us/etfs/NUGY,NASDAQ,2025-11-18,-1.45847554038681,-42.8641160949868,,,-1.8678247734139046
NVC,Corgi NVDA 2x Daily ETF,NVIDIA,NVDA,2x,long,2026-06-27T04:50:19.32468+00:00,Single Stock,25.8216,0,345039,0.2,Corgi,equity,2026-08-01T00:00:02.74+00:00,https://corgifunds.com/nvc,CBOE,2026-06-26,6.70567670431301,4.31789534921302,,,-5.46594129147049
NVD,GraniteShares 2x Short Nvidia ETF USD,NVIDIA Corp,NVDA,2x,short,2025-08-23T14:29:37.841208+00:00,Single Stock,4.99,75327100,61418400,1.35,GraniteShares,equity,2026-08-01T00:00:02.74+00:00,https://graniteshares.com/institutional/us/en-us/etfs/nvd,NASDAQ,2023-08-21,-5.84905660377358,-27.7335264301231,True,Monthly,5.052631578947373
NVDB,ProShares Ultra NVDA,NVIDIA Corporation,NVDA,2x,long,2025-08-27T00:36:36.784967+00:00,Single Stock,27.54,23699.9,7431570,0.95,ProShares,equity,2026-08-01T00:00:02.74+00:00,https://www.proshares.com/our-etfs/leveraged-and-inverse/NVDB,AMEX,2025-09-08,5.51724137931034,-5.81395348837209,,,-7.275849298003439
NVDD,Direxion Daily NVDA Bear 1X Shares,NVIDIA Corp,NVDA,1x,short,2025-08-23T14:28:46.463118+00:00,Single Stock,33.65,141887,21281200,1.01,Direxion Funds,equity,2026-08-01T00:00:02.74+00:00,https://www.direxion.com/product/daily-nvda-bull-and-bear-leveraged-single-stock-etfs,NASDAQ,2023-09-13,-2.8579676674365,-10.7071779222502,True,Monthly,2.8737389177621453
NVDG,Leverage Shares 2X Long NVDA Daily ETF,,,2x,long,2025-08-27T00:36:36.784967+00:00,,16.79,216856,36923200,0.76,Leverage Shares,equity,2026-08-01T00:00:02.74+00:00,,NASDAQ,,5.91122129074175,-3.58886017800747,True,Monthly,-6.929046563192905
NVDL,GraniteShares 2x Long Nvidia Daily ETF,NVIDIA Corp,NVDA,2x,long,2025-08-23T14:30:49.780354+00:00,Single Stock,29.42,13511100,2936640000,1.05,GraniteShares,equity,2026-08-01T00:00:02.74+00:00,https://graniteshares.com/institutional/us/en-us/etfs/nvdl,NASDAQ,2022-12-13,5.82733812949641,-3.07479874798126,True,Weekly,-7.075173720783317
NVDQ,T-REX 2X Inverse NVIDIA Daily Target ETF,NVIDIA Corp,NVDA,2x,short,2025-08-23T14:28:56.740708+00:00,Single Stock,11.33,2883650,23784600,1.05,REX,equity,2026-08-01T00:00:02.74+00:00,https://www.rexshares.com//NVDQ,CBOE,2023-10-19,-5.81878636741479,-30.104873534855,True,Monthly,5.0046339202965795
NVDS,Tradr 1.5X Short NVDA Daily ETF,NVIDIA Corp,NVDA,1.5x,short,2025-08-23T14:28:25.897841+00:00,Single Stock,22.17,226397,17919100,1.15,AXS,equity,2026-08-01T00:00:02.74+00:00,https://www.tradretfs.com/nvds-1.5x-short-nvda-daily-etf,NASDAQ,2022-07-13,-4.52196382428939,-18.6422018348624,True,Monthly,3.986866791744847
NVDU,Direxion Daily NVDA Bull 2X Shares,NVIDIA Corp,NVDA,2x,long,2025-08-23T14:31:00.095543+00:00,Single Stock,117.2,363169,481157000,0.92,Direxion Funds,equity,2026-08-01T00:00:02.74+00:00,https://www.direxion.com/product/daily-nvda-bull-and-bear-leveraged-single-stock-etfs,NASDAQ,2023-09-13,5.77617328519856,-3.88321646779022,True,Monthly,-7.116817245205265
NVDW,NVDA WeeklyPay ETF,NVIDIA Corporation,NVDA,1.2x,long,2025-08-27T01:17:02.102834+00:00,Single Stock,34.61,50193.2,99645100,1,Roundhill Investments,equity,2026-08-01T00:00:02.74+00:00,https://www.roundhillinvestments.com/etf/NVDW,CBOE,2025-02-19,3.90273191233863,-18.7558685446009,True,Monthly,-3.8343984440122325
NVDX,T-Rex 2x LNG NVIDIA Daily Target Fund,NVIDIA Corp,NVDA,2x,long,2025-08-23T14:31:10.41168+00:00,Single Stock,16.66,6811060,378491000,1.05,REX,equity,2026-08-01T00:00:02.74+00:00,https://www.rexshares.com/NVDX,CBOE,2023-10-19,5.5766793409379,-6.03496897913142,True,Weekly,-7.134894091415837
NVOC,Corgi NVO 2x Daily ETF,Novo Nordisk,NVO,2x,long,2026-07-15T21:29:16.98996+00:00,Single Stock,22.5294,0,271622,0.45,Corgi,equity,2026-08-01T00:00:02.74+00:00,https://corgifunds.com/nvoc,CBOE,2026-07-14,-16.7375629658922,-9.59309791332264,,,-7.7125371740359325
NVOX,Defiance Daily Target 2X Long NVO ETF,,NVO,2x,long,2026-07-29T21:36:21.018332+00:00,Single Stock,15.035,341942,44316500,1.3,Defiance ETFs,equity,2026-08-01T00:00:02.74+00:00,https://www.defianceetfs.com/NVOX/,NASDAQ,2024-12-02,-17.5260559517279,-33.2371225577265,True,Monthly,-8.490566037735846
NVTC,Corgi NVTS 2x Daily ETF,Navitas Semiconductor,NVTS,2x,long,2026-07-07T18:14:27.922193+00:00,Single Stock,11.4478,0,139452,0.45,Corgi,equity,2026-08-01T00:00:02.74+00:00,https://corgifunds.com/nvtc,AMEX,2026-07-07,-2.88186638388122,-46.5804946336911,,,-9.288431061806643
NVTX,Tradr 2X Long NVTS Daily ETF,Navitas Semiconductor Corp,NVTS,2x,long,2025-08-27T00:36:36.784967+00:00,Single Stock,15.43,271616,16428000,1.3,Tradr,equity,2026-08-01T00:00:02.74+00:00,https://www.tradretfs.com/NVTX,CBOE,2025-09-08,-2.86433742524394,-31.4526876943581,True,Monthly,-22.81140570285142
NVYY,GraniteShares YieldBOOST NVDA ETF,NVIDIA Corp,NVDA,variable,long,2026-07-29T21:36:21.018332+00:00,Single Stock,12.1855,48461.8,34640900,1.15,GraniteShares,equity,2026-08-01T00:00:02.74+00:00,https://graniteshares.com/institutional/us/en-us/etfs/nvyy/,,2025-05-12,0.331818331521905,-35.3554376657825,True,Monthly,-2.281475541299128
NXPG,Leverage Shares 2X Long NXPI Daily ETF,NXP Semiconductors,NXPI,2x,long,2026-06-02T18:27:46.931326+00:00,Single Stock,7.4875,7451.37,41869.5,0.75,Leverage Shares,equity,2026-08-01T00:00:02.74+00:00,https://leverageshares.com/us/etfs/leverage-shares-2x-long-nxpi-daily-etf/,CBOE,2026-06-02,-13.9367816091954,-52.6107594936709,,,-31.83887118798361
NXPX,Tradr 2X Long NXPI Daily ETF,NXP Semiconductors,NXPI,2x,long,2026-05-28T23:36:01.088004+00:00,Single Stock,11.4216,2689.1,314275,1.3,Tradr,equity,2026-08-01T00:00:02.74+00:00,https://www.tradretfs.com/NXPX,CBOE,2026-05-27,-12.2313325597658,-54.7838479809976,True,Monthly,-28.301318267419962
OILD,MicroSectors Oil & Gas Exploration & Production -3x Inverse Leveraged Exchange-Traded Note,WTI Crude Oil,CL,3x,short,2025-08-23T14:28:15.617163+00:00,,35.8135,67993.8,37693600,0.95,BMO Capital Markets,equity,2026-08-01T00:00:02.74+00:00,,NYSE,,-3.7545753091861,-65.2633365664403,,,-2.3889343145271194
OILU,Bank of Montreal MicroSectors Oil & Gas Exploration & Production 3X Leveraged ETNs,WTI Crude Oil,CL,3x,long,2025-08-23T14:30:29.211743+00:00,,44.93,199727,64303700,0.95,BMO Capital Markets,equity,2026-08-01T00:00:02.74+00:00,,NYSE,,3.78840378840379,94.2507317368428,,,0.2677973666592221
OKLC,Corgi OKLO 2x Daily ETF,Oklo Inc,OKLO,2x,long,2026-07-07T18:14:27.922229+00:00,Single Stock,13.3379,0,180554,0.45,Corgi,equity,2026-08-01T00:00:02.74+00:00,https://corgifunds.com/oklc,AMEX,2026-07-07,-9.63482384823848,-40.4823739402053,,,-26.350635008282715
OKLL,Defiance Daily Target 2X Long OKLO ETF,,OKLO,2x,long,2026-07-29T21:36:21.018332+00:00,Single Stock,2.47,11515700,115660000,1.31,Defiance ETFs,equity,2026-08-01T00:00:02.74+00:00,https://www.defianceetfs.com/OKLL/,NASDAQ,2025-07-07,-11.4695340501792,-86.045197740113,True,Monthly,-24.6951219512195
OKLS,Defiance Daily Target 2X Short OKLO ETF,Oklo Inc,OKLO,2x,short,2025-12-02T05:43:15.106034+00:00,Single Stock,36.85,176738,6762330,1.31,Defiance,equity,2026-08-01T00:00:02.74+00:00,https://www.defianceetfs.com/OKLS/,AMEX,2025-11-25,11.6328385337777,-37.9002359285474,,,13.98082276523354
OKTG,Leverage Shares 2X Long OKTA Daily ETF,"Okta, Inc.",OKTA,2x,long,2025-11-18T04:37:38.788989+00:00,Single Stock,29.974,24618.9,2925210,0.75,Leverage Shares,equity,2026-08-01T00:00:02.74+00:00,https://leverageshares.com/us/etfs/leverage-shares-2x-long-okta-daily-etf/,NASDAQ,2025-11-17,2.19918851648539,102.527027027027,True,Monthly,8.483532392327184
ONDC,Corgi ONDS 2x Daily ETF,Ondas Holdings,ONDS,2x,long,2026-07-07T18:14:27.922196+00:00,Single Stock,20.9778,0,263130,0.45,Corgi,equity,2026-08-01T00:00:02.74+00:00,https://corgifunds.com/ondc,AMEX,2026-07-07,-3.07575022524084,-8.75250108742932,,,-14.498820057794756
ONDG,Leverage Shares 2X Long ONDS Daily ETF,Ondas Holdings Inc,ONDS,2x,long,2026-01-14T05:56:23.904389+00:00,Single Stock,2.4718,2452140,19073200,0.75,Leverage Shares,equity,2026-08-01T00:00:02.74+00:00,https://leverageshares.com/us/etfs/leverage-shares-2x-long-onds-daily-etf,NASDAQ,2026-01-13,-2.98677342124887,-84.2158365261813,True,Monthly,-15.05841924398626
ONDL,Defiance Daily Target 2X Long ONDS ETF,Ondas Holdings Inc,ONDS,2x,long,2026-01-14T05:56:23.904351+00:00,Single Stock,6.32,1572800,28568800,1.31,Defiance,equity,2026-08-01T00:00:02.74+00:00,https://www.defianceetfs.com/ONDL/,CBOE,2025-12-29,-2.91858678955452,-78.0859916782247,,,-16.512549537648614
ONDU,Tradr 2X Long ONDS Daily ETF,Ondas Holdings Inc,ONDS,2x,long,2026-01-14T05:56:23.904368+00:00,Single Stock,3.96,148132,3151720,1.49,Tradr,equity,2026-08-01T00:00:02.74+00:00,https://www.tradretfs.com/ONDU,CBOE,2026-01-12,-2.46305418719211,-85.2238805970149,True,Monthly,-14.470842332613392
ONG,Leverage Shares 2X Long ON Daily ETF,ON Semiconductor Corporation,ON,2x,long,2026-06-02T18:27:46.931318+00:00,Single Stock,5.479,65182,890330,0.75,Leverage Shares,equity,2026-08-01T00:00:02.74+00:00,https://leverageshares.com/us/etfs/leverage-shares-2x-long-on-daily-etf/,CBOE,2026-06-02,-4.04553415061296,-67.8651026392962,,,-16.223241590214066
ONTX,Corgi ONTO 2x Daily ETF,Onto Innovation,ONTO,2x,long,2026-06-25T03:44:09.240268+00:00,Single Stock,14.5248,0,633456,0.45,Corgi,equity,2026-08-01T00:00:02.74+00:00,https://corgifunds.com/ontx,CBOE,2026-06-24,5.90371196710196,-42.4076130055511,,,-16.643902439024387
ONX,Tradr 2X Long ON Daily ETF,ON Semiconductor,ON,2x,long,2026-05-28T23:36:01.088009+00:00,Single Stock,8.77,58026.9,1679870,1.3,Tradr,equity,2026-08-01T00:00:02.74+00:00,https://www.tradretfs.com/ONX,CBOE,2026-05-27,-2.33635492995389,-63.3514417049728,True,Monthly,-15.347490347490348
OPEG,Leverage Shares 2X Long OPEN Daily ETF,Opendoor Technologies Inc,OPEN,2x,long,2025-12-25T03:46:12.246082+00:00,Single Stock,2.7,63511.5,1100160,0.75,Leverage Shares,equity,2026-08-01T00:00:02.74+00:00,https://leverageshares.com/us/etfs/leverage-shares-2x-long-open-daily-etf,NASDAQ,2025-12-11,-2.79727832379305,-74.1131351869607,True,Monthly,-6.24999999999999
OPEX,Tradr 2X Long OPEN Daily ETF,Opendoor Technologies Inc,OPEN,2x,long,2025-10-24T05:10:55.187091+00:00,Single Stock,10.72,113629,7953910,1.3,Tradr,equity,2026-08-01T00:00:02.74+00:00,https://www.tradretfs.com/OPEX,CBOE,2025-10-22,-3.46516821554642,-75.4072034870383,True,Monthly,-7.903780068728522
ORAC,Corgi ORCL 2x Daily ETF,Oracle,ORCL,2x,long,2026-07-07T18:14:27.922141+00:00,Single Stock,18.6289,0,462660,0.45,Corgi,equity,2026-08-01T00:00:02.74+00:00,https://corgifunds.com/orac,CBOE,2026-06-30,3.3784496201464,-24.2111472742067,,,16.43062500000001
ORCS,Direxion Daily ORCL Bear 1X ETF,Oracle Corporation,ORCL,1x,short,2025-11-26T06:37:35.500026+00:00,Single Stock,33.7691,80999.1,14079000,0.97,Direxion,equity,2026-08-01T00:00:02.74+00:00,https://www.direxion.com/product/daily-orcl-bull-bear-leveraged-inverse-single-stock-etfs,NASDAQ,2025-11-19,-1.91356428942805,27.286468149265,,,-7.961024802398462
ORCU,Direxion Daily ORCL Bull 2X ETF,Oracle Corporation,ORCL,2x,long,2025-11-26T06:37:35.500021+00:00,Single Stock,6.28,4275280,85165200,0.97,Direxion,equity,2026-08-01T00:00:02.74+00:00,https://www.direxion.com/product/daily-orcl-bull-bear-leveraged-inverse-single-stock-etfs,NASDAQ,2025-11-19,3.80165289256199,-67.0859538784067,,,11.743772241992884
ORCX,Defiance Daily Target 2X Long ORCL ETF,,ORCL,2x,long,2026-07-29T21:36:21.018332+00:00,Single Stock,17.54,3304420,198694000,1.36,Defiance ETFs,equity,2026-08-01T00:00:02.74+00:00,https://www.defianceetfs.com/ORCX/,NASDAQ,2024-08-21,3.60307147076196,-66.8931672329181,True,Monthly,11.75533609429754
ORCZ,Tradr 2X Short ORCL Daily ETF,Oracle Corporation,ORCL,2x,short,2026-07-15T21:29:16.989965+00:00,Single Stock,22.7068,0,846618,1.49,Tradr,equity,2026-08-01T00:00:02.74+00:00,https://www.tradretfs.com/orcz,AMEX,2026-07-14,-3.58046709129512,-5.4277384423157,,,-14.732256853173105
ORLG,Leverage Shares 2X Long ORLY Daily ETF,"O'Reilly Automotive, Inc.",ORLY,2x,long,2026-01-23T21:49:11.832586+00:00,Single Stock,,,,0.75,Leverage Shares,equity,2026-07-29T21:36:21.018332+00:00,https://leverageshares.com/us/etfs/leverage-shares-2x-long-orly-daily-etf,NASDAQ,2026-01-15,,,True,,
OSCG,Leverage Shares 2x Long OSCR Daily ETF,"Oscar Health, Inc.",OSCR,2x,long,2025-11-06T23:54:42.258899+00:00,Single Stock,,,,0.75,Leverage Shares,equity,2026-07-29T21:36:21.018332+00:00,https://leverageshares.com/us/etfs/leverage-shares-2x-long-oscr-daily-etf/,NASDAQ,2025-11-05,,,True,Monthly,
OSCX,Defiance Daily Target 2x Long OSCR ETF,"Oscar Health, Inc.",OSCR,2x,long,2025-09-26T05:30:27.491196+00:00,Single Stock,116.78,3863.37,10035100,1.31,Defiance,equity,2026-08-01T00:00:02.74+00:00,https://www.defianceetfs.com/oscx/,NASDAQ,2025-09-24,0.379409757380613,211.247334754797,,,13.650961721873376
OSSL,Defiance Daily Target 2X Long OSS ETF,One Stop Systems,OSS,2x,long,2026-05-27T22:07:01.595245+00:00,Single Stock,7.8923,1392.13,125746,1.31,Defiance,equity,2026-08-01T00:00:02.74+00:00,https://www.defianceetfs.com/OSSL/,CBOE,2026-05-26,4.05690478073992,-60.3402010050251,,,-13.271428571428572
OUSL,Defiance Daily Target 2x Long OUST ETF,"Ouster, Inc.",OUST,2x,long,2026-07-15T04:03:57.391786+00:00,Single Stock,16.78,0,1451850,1.31,Defiance,equity,2026-08-01T00:00:02.74+00:00,https://www.defianceetfs.com/ousl/,CBOE,2026-07-13,18.1690140845071,-21.588785046729,,,7.564102564102574
PAAU,T-REX 2X Long PAAS Daily Target ETF,Pan American Silver Corp,PAAS,2x,long,2026-03-15T22:31:35.271171+00:00,Single Stock,,,,1.5,T-Rex,equity,2026-07-29T21:36:21.018332+00:00,https://www.rexshares.com/paau/,CBOE,2026-03-12,,,True,Monthly,
PALD,Direxion Daily PANW Bear 1X Shares,"Palo Alto Networks, Inc.",PANW,1x,short,2025-08-27T00:36:36.784967+00:00,Single Stock,11.89,54885.4,2518610,1.02,Direxion,equity,2026-08-01T00:00:02.74+00:00,https://www.direxion.com/product/daily-panw-bull-and-bear-leveraged-single-stock-etfs,NASDAQ,2025-03-26,-1.81668042939718,-50.4995836802664,,,-1.252408477842006
PALU,Direxion Daily PANW Bull 2X Shares,"Palo Alto Networks, Inc.",PANW,2x,long,2025-08-27T00:36:36.784967+00:00,Single Stock,47.47,109692,24559400,1.08,Direxion,equity,2026-08-01T00:00:02.74+00:00,https://www.direxion.com/product/daily-panw-bull-and-bear-leveraged-single-stock-etfs,NASDAQ,2025-03-26,3.40290756690584,168.433225326706,,,1.4316239316239354
PANG,Leverage Shares 2x Long PANW Daily ETF,Palo Alto Networks,PANW,2x,long,2025-08-28T00:51:38.619251+00:00,Single Stock,29.31,40314.4,5649830,0.76,Leverage Shares,equity,2026-08-01T00:00:02.74+00:00,https://leverageshares.com/us/etfs/leverage-shares-2x-long-panw-daily-etf,NASDAQ,2025-03-21,3.76139481370033,165.248868778281,True,Monthly,1.7355085039916696
PATX,Tradr 2X Long PATH Daily ETF,"UiPath, Inc",PATH,2x,long,2026-01-14T05:56:23.904381+00:00,Single Stock,10.18,79194.8,4049430,1.49,Tradr,equity,2026-08-01T00:00:02.74+00:00,https://www.tradretfs.com/PATX,CBOE,2026-01-12,5.71131879543093,-59.0836012861736,True,Monthly,49.04831625183015
PBRG,Leverage Shares 2X Long PBR Daily ETF,Petroleo Brasileiro SA (ADR),PBR,2x,long,2025-12-25T03:46:12.246075+00:00,Single Stock,39.1616,2345.43,1080730,0.75,Leverage Shares,equity,2026-08-01T00:00:02.74+00:00,https://leverageshares.com/us/etfs/leverage-shares-2x-long-pbr-daily-etf/,NASDAQ,2025-12-18,3.30095858106788,143.693839452396,True,Monthly,3.6844056129202984
PDDL,GraniteShares 2x Long PDD Daily ETF,PDD Holdings Inc.,PDD,2x,long,2026-07-29T21:36:21.018332+00:00,Single Stock,14.525,34176.6,10715200,1.5,GraniteShares,equity,2026-08-01T00:00:02.74+00:00,https://graniteshares.com/institutional/us/en-us/etfs/pddl/,NASDAQ,2024-09-03,3.01418439716313,-50.7627118644068,,,13.520906604142247
PFFL,ETRACS Monthly Pay 2xLeveraged Preferred Stock ETN,Solactive Preferred Stock ETF Index,SOLPRF,2x,long,2025-08-27T01:11:44.865852+00:00,Exchange-Traded Note,7.4727,2688,4415460,1.65,UBS ETRACS,debt,2026-08-01T00:00:02.74+00:00,https://etracs.ubs.com/product/detail/index/ussymbol/PFFL,NYSE ARCA,2018-09-25,-0.0187313522698424,-9.3118932038835,,,0.7102425876010747
PILL,Direxion Daily Pharmaceutical & Medical Bull 3X Shares,S&P Pharmaceuticals Select Industry,,3x,long,2025-08-27T00:36:36.784967+00:00,,18.85,82807.4,21484100,0.98,Direxion,equity,2026-08-01T00:00:02.74+00:00,,AMEX,,-7.82396088019559,49.2478226444972,True,Monthly,-1.8740239458615273
PLTA,ProShares Ultra PLTR,Palantir Technologies Inc,PLTR,2x,long,2025-08-27T00:36:36.784967+00:00,Single Stock,10.39,69809.6,5814820,0.95,ProShares,equity,2026-08-01T00:00:02.74+00:00,https://www.proshares.com/our-etfs/leveraged-and-inverse/PLTA,AMEX,2025-09-08,1.36585365853659,-63.3212129770184,,,-4.415823367065305
PLTD,Direxion Daily PLTR Bear 1X Shares,Palantir Technologies Inc.,PLTR,1x,short,2025-08-27T00:36:36.784967+00:00,Single Stock,8.25,44501700,41285000,0.98,Direxion,equity,2026-08-01T00:00:02.74+00:00,https://www.direxion.com/product/daily-pltr-bull-and-bear-leveraged-single-stock-etfs,NASDAQ,2024-12-11,-0.722021660649825,27.5115919629057,True,Monthly,0.8557457212713971
PLTG,Leverage Shares 2x Long PLTR Daily ETF,Palantir Technologies Inc.,PLTR,2x,long,2025-08-28T00:44:26.634054+00:00,Single Stock,9.67,369149,25713700,0.78,Leverage Shares,equity,2026-08-01T00:00:02.74+00:00,https://leverageshares.com/us/etfs/leverage-shares-2x-long-pltr-daily-etf,NASDAQ,2025-04-25,1.89673340358272,-64.4092749355907,True,Monthly,-4.352126607319481
PLTL,Corgi PLTR 2x Daily ETF,Palantir Technologies,PLTR,2x,long,2026-06-27T04:50:19.324661+00:00,Single Stock,31.8056,0,476241,0.2,Corgi,equity,2026-08-01T00:00:02.74+00:00,https://corgifunds.com/pltl,CBOE,2026-06-26,1.59683380342876,10.9059209149871,,,-0.6115376562827204
PLTU,Direxion Daily PLTR Bull 2X Shares,Palantir Technologies Inc,PLTR,2x,long,2025-08-27T00:36:36.784967+00:00,,27.11,2934220,371140000,0.97,Direxion,equity,2026-08-01T00:00:02.74+00:00,https://www.direxion.com/product/daily-pltr-bull-and-bear-leveraged-single-stock-etfs,NASDAQ,2024-12-11,1.15671641791044,-64.5898641588297,True,Monthly,-4.2725988700565
PLTW,PLTR WeeklyPay ETF,Palantir Technologies Inc.,PLTR,1.2x,long,2025-08-27T01:19:40.628204+00:00,Single Stock,16.87,164367,101234000,0.99,Roundhill Investments,equity,2026-08-01T00:00:02.74+00:00,https://www.roundhillinvestments.com/etf/PLTW,CBOE,2025-02-19,0.957510472770797,-55.8376963350785,True,Monthly,-2.1745433458973613
PLTZ,Defiance Daily Target Short PLTR 2X ETF,Palantir Technologies Inc.,PLTR,2x,short,2025-08-23T14:29:17.298091+00:00,Single Stock,30.13,529067,15891000,1.29,Defiance ETFs,equity,2026-08-01T00:00:02.74+00:00,https://www.defianceetfs.com/pltz,NASDAQ,2025-06-05,-1.50375939849624,26.4372639530004,,,0.5338672005338677
PLU,Defiance Daily Target 2x Long PL ETF,Planet Labs PBC,PL,2x,long,2026-01-14T05:56:23.904363+00:00,Single Stock,8.06,156187,7762320,1.31,Defiance,equity,2026-08-01T00:00:02.74+00:00,https://www.defianceetfs.com/PLU/,CBOE,2026-01-06,1.63934426229509,-58.3892617449664,,,-16.303219106957425
PLUL,Leverage Shares 2X Long PLUG Daily ETF,Plug Power Inc,PLUG,2x,long,2026-01-14T05:56:23.904385+00:00,Single Stock,7.3971,39446.2,2705890,0.75,Leverage Shares,equity,2026-08-01T00:00:02.74+00:00,https://leverageshares.com/us/etfs/leverage-shares-2x-long-plug-daily-etf,NASDAQ,2026-01-13,-2.81295984864411,-50.5462106220249,True,Monthly,-12.975294117647058
PLYY,GraniteShares YieldBOOST PLTR ETF,Palantir Technologies Inc,PLTR,variable,long,2025-09-23T00:36:36.784967+00:00,Single Stock,8.395,6990.1,2694410,1.7,GraniteShares,equity,2026-08-01T00:00:02.74+00:00,https://graniteshares.com/institutional/us/en-us/etfs/PLYY/,NASDAQ,2025-09-23,-0.47421458209841,-54.6216216216216,True,Monthly,0.5389221556886219
POEL,Defiance Daily Target 2X Long POET ETF,"POET Technologies, Inc.",POET,2x,long,2026-05-03T05:25:24.134852+00:00,Single Stock,8.15,594306,13072600,1.31,Defiance,equity,2026-08-01T00:00:02.74+00:00,https://www.defianceetfs.com/POEL/,CBOE,2026-04-30,-8.01354401805868,-64.0969162995595,True,Monthly,-17.676767676767675
PONX,Tradr 2X Long PONY Daily ETF,Pony AI Inc,PONY,2x,long,2025-08-27T00:36:36.784967+00:00,Single Stock,19.7,13745.8,3033940,1.3,Tradr,equity,2026-08-01T00:00:02.74+00:00,https://www.tradretfs.com/PONX,CBOE,2025-09-08,-2.85996055226825,-81.4326107445806,True,Monthly,18.60325105358218
PSQ,ProShares Short QQQ,Nasdaq-100 Index,QQQ,1x,short,2025-08-23T17:15:00.570661+00:00,Broad Market,26.83,8009980,789274000,0.95,ProShares,equity,2026-08-01T00:00:02.74+00:00,https://www.proshares.com/our-etfs/leveraged-and-inverse/psq,NYSE,2006-06-19,-0.59281215264913,-10.3724736930015,True,Monthly,0.2990654205607413
PST,ProShares UltraShort 7-10 Year Treasury,ICE U.S. Treasury 7-10 Year Bond Index,IDCOT7TR,2x,short,2025-08-23T17:15:00.570664+00:00,Fixed Income,23.6,5831.93,10558400,0.95,ProShares,debt,2026-08-01T00:00:02.74+00:00,https://www.proshares.com/our-etfs/leveraged-and-inverse/pst,NYSE,2008-04-29,0.553898593949734,7.07803992740473,True,Monthly,0.4041693256753985
PTIR,GraniteShares 2x Long Palantir Daily ETF,Palantir Technologies Inc.,PLTR,2x,long,2026-07-29T21:36:21.018332+00:00,Single Stock,10.11,5102790,274758000,1.04,GraniteShares,equity,2026-08-01T00:00:02.74+00:00,https://graniteshares.com/institutional/us/en-us/etfs/ptir/,NASDAQ,2024-09-03,1.20120120120119,-63.5412910205554,True,Monthly,-4.4423440453686265
PUL,GraniteShares 2x Long P Daily ETF,"Everpure, Inc",P,2x,long,2026-07-09T04:26:04.629737+00:00,Single Stock,23.7189,0,577819,1.5,GraniteShares,equity,2026-08-01T00:00:02.74+00:00,https://graniteshares.com/etfs/pul/,NASDAQ,2026-07-07,5.75056511407057,-6.00233816157092,,,6.7457245724572585
PUR,Defiance Daily Target 2X Long PURR ETF,Hyperliquid Strategies Inc,PURR,2x,long,2026-07-09T04:26:04.629733+00:00,Single Stock,10.8539,0,200438,1.31,Defiance,equity,2026-08-01T00:00:02.74+00:00,https://www.defianceetfs.com/PUR/,NASDAQ,2026-07-07,-2.71668011114099,-43.6014549233567,,,-7.744156396090107
PYPG,Leverage Shares 2X Long PYPL Daily ETF,,,2x,long,2025-08-27T00:36:36.784967+00:00,,8.6549,712377,24260100,0.77,Leverage Shares,equity,2026-08-01T00:00:02.74+00:00,,NASDAQ,,0.2885283893395,-23.1358792184725,True,Monthly,3.403823178016731
PYPU,Direxion Daily PYPL Bull 2X ETF,"PayPal Holdings, Inc.",PYPL,2x,long,2026-03-26T21:44:14.440415+00:00,Single Stock,37.7646,9565.53,2947240,0.97,Direxion,equity,2026-08-01T00:00:02.74+00:00,https://www.direxion.com/product/daily-pypl-bull-leveraged-single-stock-etf,AMEX,2026-03-25,-1.71560335000702,46.9399666156953,,,6.259425998874514
QBER,TrueShares Quarterly Bear Hedge ETF,,,,short,2025-08-27T00:36:36.784967+00:00,,23.845,25725.8,72994100,0.79,TrueShares,equity,2026-08-01T00:00:02.74+00:00,,CBOE,,-0.3552026744672,-0.334378265412756,,,-0.08380473496752389
QBTX,Tradr 2X Long QBTS Daily ETF,D-Wave Quantum Inc.,QBTS,2x,long,2025-08-27T00:59:07.263811+00:00,Single Stock,7.64,1947220,59895900,1.3,Tradr ETFs,equity,2026-08-01T00:00:02.74+00:00,https://www.tradretfs.com/QBTX,CBOE,2025-04-24,1.3262599469496,-78.3814374646293,True,Monthly,5.743944636678201
QBTZ,Defiance Daily Target 2X Short QBTS ETF,D-Wave Quantum Inc.,QBTS,2x,short,2025-10-07T01:05:38.494524+00:00,Single Stock,4.41,3420680,7767270,1.29,Defiance ETFs,equity,2026-08-01T00:00:02.74+00:00,https://www.defianceetfs.com/QBTZ,NASDAQ,2025-10-06,-1.12107623318385,-83.6666666666667,True,Monthly,-31.308411214953267
QBY,GraniteShares YieldBoost QBTS ETF,2x Long QBTS Daily ETF,,variable,long,2025-11-26T06:37:35.50008+00:00,Single Stock,6.6906,19763.5,2345010,1.07,GraniteShares,equity,2026-08-01T00:00:02.74+00:00,https://graniteshares.com/institutional/us/en-us/etfs/QBY,NASDAQ,2025-11-25,-1.24575645756458,-64.8233438485804,,,-3.1751085383502207
QCMD,Direxion Daily QCOM Bear 1X ETF,,,1x,short,2025-08-23T14:28:46.463344+00:00,,20.46,34630.7,2426770,1,Direxion Funds,equity,2026-08-01T00:00:02.74+00:00,,NASDAQ,,2.78049883203978,-4.68204053109713,,,13.983286908078005
QCML,GraniteShares 2x Long QCOM Daily ETF,QUALCOMM Inc.,QCOM,2x,long,2026-07-29T21:36:21.018332+00:00,Single Stock,12.26,1416010,51200600,1.5,GraniteShares,equity,2026-08-01T00:00:02.74+00:00,https://graniteshares.com/institutional/us/en-us/etfs/qcml/,NASDAQ,2024-09-03,-5.61970746728253,-43.632183908046,True,Monthly,-24.64658881376767
QCMU,Direxion Daily QCOM Bull 2X ETF,,,2x,long,2025-08-27T00:36:36.784967+00:00,,15.26,220779,20861800,1.07,Direxion,equity,2026-08-01T00:00:02.74+00:00,,NASDAQ,,-5.04044803982577,-45.7441513190642,,,-25.196078431372545
QID,ProShares UltraShort QQQ,Nasdaq-100 Index,QQQ,2x,short,2025-08-23T17:15:00.570667+00:00,Broad Market,15.43,15119500,297040000,0.95,ProShares,equity,2026-08-01T00:00:02.74+00:00,https://www.proshares.com/our-etfs/leveraged-and-inverse/qid,NYSE,2006-07-11,-1.21638924455826,-22.1886031265759,True,Monthly,0.32509752925877067
QLD,ProShares Ultra QQQ,Nasdaq-100 Index,QQQ,2x,long,2025-08-23T17:15:00.570669+00:00,Broad Market,83.67,4550720,11822300000,0.95,ProShares,equity,2026-08-01T00:00:02.74+00:00,https://www.proshares.com/our-etfs/leveraged-and-inverse/qld,NYSE,2006-06-19,1.19738751814223,16.6782875470646,True,Monthly,-1.0290986515259102
QNTU,Tradr 2X Long QNT Daily ETF,Quantinuum Inc,QNT,2x,long,2026-07-07T18:14:27.922117+00:00,Single Stock,9.0885,0,425073,1.49,Tradr,equity,2026-08-01T00:00:02.74+00:00,https://www.tradretfs.com/QNTU,CBOE,2026-06-30,-0.118690448715832,-60.4847826086957,,,-16.619266055045877
QPUX,Defiance 2X Daily Long Pure Quantum ETF,"Quantum computing stocks (IONQ, RGTI, QBTS, QUBT)",,2x,long,2026-07-29T21:36:21.018332+00:00,Basket of Stocks,14.96,203692,25444100,1.29,Defiance ETFs,equity,2026-08-01T00:00:02.74+00:00,https://www.defianceetfs.com/QPUX/,NASDAQ,2025-08-06,2.44259859072949,-70.3351179853262,True,Monthly,6.024096385542179
QQDN,ProShares UltraShort Top QQQ,Nasdaq-100 Mega Index,NDXMEGA,2x,short,2025-08-23T17:15:00.570672+00:00,Thematic,21.8628,1792.47,1232340,0.95,ProShares,equity,2026-08-01T00:00:02.74+00:00,https://www.proshares.com/our-etfs/leveraged-and-inverse/qqdn,NASDAQ,2025-06-10,-5.15301120144378,-11.6476055768842,,,-9.657104604170282
QQQD,Direxion Daily Magnificent 7 Bear 1X Shares,Indxx Magnificent 7 Index,,1x,short,2025-08-27T00:36:36.784967+00:00,,12.88,115167,36090400,0.5,Direxion,equity,2026-08-01T00:00:02.74+00:00,,AMEX,,-3.23065364387678,0.0777000777000899,True,Monthly,-4.237918215613372
QQQP,Tradr 2X Long Innovation 100 Quarterly ETF,Invesco QQQ Trust,QQQ,2x,long,2025-08-27T00:59:46.548593+00:00,Single Stock,201.878,2243.9,16254100,0.95,Tradr ETFs,equity,2026-08-01T00:00:02.74+00:00,https://www.tradretfs.com/QQQP,NASDAQ,2024-09-30,1.56463502246835,13.4148314606742,True,Monthly,-1.1659649466366355
QQQU,Direxion Daily Magnificent 7 Bull 2X Shares,Indxx Magnificent 7 Index,,2x,long,2025-08-27T00:36:36.784967+00:00,,53.32,58269,63366800,0.98,Direxion,equity,2026-08-01T00:00:02.74+00:00,,AMEX,,6.85370741482966,-6.50534806242329,,,8.683245006114957
QQUP,ProShares Ultra Top QQQ,Nasdaq-100 Mega Index,NDXMEGA,2x,long,2025-08-23T17:15:00.570674+00:00,Thematic,60.0162,3484.87,25207800,0.95,ProShares,equity,2026-08-01T00:00:02.74+00:00,https://www.proshares.com/our-etfs/leveraged-and-inverse/qqup,NASDAQ,2025-06-10,5.18233694128204,2.05101173269851,,,8.137297297297293
QQXL,ProShares Ultra QQQ Top 30,Nasdaq-100 Top 30 Index,,2x,long,2025-08-23T17:15:00.570676+00:00,Thematic,50.569,2919,4583010,0.95,ProShares,equity,2026-08-01T00:00:02.74+00:00,https://www.proshares.com/our-etfs/leveraged-and-inverse/qqxl,NASDAQ,2025-08-13,1.76630516810791,14.9295454545455,,,-2.376447876447866
QSU,Defiance Daily Target 2X Long QS ETF,QuantumScape Corporation,QS,2x,long,2025-10-24T05:10:55.187029+00:00,Single Stock,5.7,144501,7282370,1.31,Defiance,equity,2026-08-01T00:00:02.74+00:00,https://www.defianceetfs.com/qsu/,AMEX,2025-10-20,0,-85.7571214392804,,,4.972375690607744
QTAP,Innovator Growth Accelerated Plus ETF - April,,,3x,,2025-08-27T00:36:36.784967+00:00,,50.87,4015.5,19960000,0.79,Innovator,equity,2026-08-01T00:00:02.74+00:00,https://www.innovatoretfs.com/etf/default.aspx?ticker=qtap,CBOE,,0.272412963860927,13.3719634499666,,,0.3155196213764476
QTJA,Innovator Growth Accelerated Plus ETF - January,,,3x,,2025-08-27T00:36:36.784967+00:00,,32.7135,2130.87,19918700,0.79,Innovator,equity,2026-08-01T00:00:02.74+00:00,https://www.innovatoretfs.com/etf/default.aspx?ticker=qtja,CBOE,,0.622556603744581,8.68633509418919,,,0.8430949445129644
QTJL,Innovator Growth Accelerated Plus ETF - July,,,3x,,2025-08-27T00:36:36.784967+00:00,,40.3352,6937.93,18354000,0.79,Innovator,equity,2026-08-01T00:00:02.74+00:00,https://www.innovatoretfs.com/etf/default.aspx?ticker=qtjl,CBOE,,0.93136150939619,2.37360406091371,,,0.7121098626716685
QTOC,Innovator Growth Accelerated Plus ETF - October,,,3x,,2025-08-27T00:36:36.784967+00:00,,38.0116,3399.67,21385700,0.79,Innovator,equity,2026-08-01T00:00:02.74+00:00,https://www.innovatoretfs.com/etf/default.aspx?ticker=qtoc,CBOE,,0.588794123173094,11.4631228300647,,,0.6663135593220428
QUA,Corgi QBTS 2x Daily ETF,D-Wave Quantum Inc.,QBTS,2x,long,2026-07-10T23:45:36.843813+00:00,Single Stock,16.8265,0,202924,0.45,Corgi,equity,2026-08-01T00:00:02.74+00:00,https://corgifunds.com/qua,AMEX,2026-07-10,1.4763263115362,-26.1671785870996,,,17.873905429071797
QUBX,Tradr 2X Long QUBT Daily ETF,Quantum Computing Inc.,QUBT,2x,long,2025-08-27T01:00:25.294156+00:00,Single Stock,7.05,302879,18704900,1.3,Tradr ETFs,equity,2026-08-01T00:00:02.74+00:00,https://www.tradretfs.com/QUBX,CBOE,2025-06-23,2.322206095791,-69.5989650711514,True,Monthly,4.677060133630282
QULL,ETRACS 2x Leveraged MSCI US Quality Factor TR ETN,MSCI USA Sector Neutral Quality GR USD Index,M2USSNQ,2x,long,2025-08-27T01:12:21.81096+00:00,Exchange-Traded Note,67.0222,19.7667,6486240,0.95,UBS ETRACS,debt,2026-08-01T00:00:02.74+00:00,https://etracs.ubs.com/product/detail/index/ussymbol/QULL,NYSE ARCA,2021-02-05,0.632876231030597,18.0225964823307,,,2.6159942186619696
RAAA,Reckoner Leveraged AAA CLO ETF,,,2x,,2025-08-27T00:36:36.784967+00:00,,25.125,3334.63,35128500,0.3,Reckoner,,2026-08-01T00:00:02.74+00:00,,AMEX,,0.0199044585987222,0.459816073570565,,,0.09960159362549234
RAAR,Reckoner Yield Enhanced AAA CLO Reinvesting ETF,Portfolio of AAA-rated CLO assets,,variable,long,2026-02-18T04:34:19.078037+00:00,,51.145,2055.27,12777500,0.4,Reckoner,misc,2026-08-01T00:00:02.74+00:00,https://reckoner.com/raar/,AMEX,2026-02-11,0,2.23908493570202,True,,0.11745130664579088
RAAY,Reckoner Yield Enhanced AAA CLO Annual ETF,Portfolio of AAA-rated CLO assets,,variable,long,2026-02-18T04:34:19.078033+00:00,,102.315,6.13333,15342000,0.35,Reckoner,misc,2026-08-01T00:00:02.74+00:00,https://reckoner.com/raay/,AMEX,2026-02-11,0.0147605227375627,2.28431470558832,,,0.07825108817919332
RAM,Roundhill T-REX 2X Long DRAM Daily Target ETF,Roundhill Memory ETF,DRAM,2x,long,2026-06-25T03:44:09.240261+00:00,Single Stock,10.44,0,391483000,1.25,Roundhill,equity,2026-08-01T00:00:02.74+00:00,https://www.roundhillinvestments.com/etf/ram/,CBOE,2026-06-24,-6.19946091644206,-61.9117110543597,True,Monthly,-22.060470324748042
RAML,Leverage Shares 2X Long Memory Daily ETF,Roundhill Memory ETF,DRAM,2x,long,2026-07-24T22:13:42.471404+00:00,Basket of Stocks,10.81,0,351732,0.99,Leverage Shares,equity,2026-08-01T00:00:02.74+00:00,https://leverageshares.com/us/etfs/leverage-shares-2x-long-memory-daily-etf,CBOE,2026-07-23,-7.05073086844368,-30.4375804375804,,,-21.72338884866039
RAMZ,T-REX 2X Inverse DRAM Daily Target ETF,Roundhill Memory ETF,DRAM,2x,short,2026-07-29T21:32:45.547464+00:00,Basket of Stocks,23.69,0,330351,1.5,T-Rex,equity,2026-08-01T00:00:02.74+00:00,https://www.rexshares.com/RAMZ/,CBOE,2026-07-28,5.71173583221776,-17.7716070808747,,,-17.771607080874688
RBLU,T-REX 2X Long RBLX Daily Target ETF,Roblox Corp,RBLX,2x,long,2026-07-29T21:36:21.018332+00:00,Single Stock,3.16,431094,9122000,1.05,REX,equity,2026-08-01T00:00:02.74+00:00,https://www.rexshares.com/RBLU,CBOE,2025-03-04,-54.4668587896254,-89.2790500424088,True,Monthly,-52.62368815592204
RCAX,Defiance Daily Target 2X Long RCAT ETF,Red Cat Holdings,RCAT,2x,long,2026-02-04T19:39:19.214094+00:00,Single Stock,2.7074,491478,5592060,1.31,Defiance,equity,2026-08-01T00:00:02.74+00:00,https://www.defianceetfs.com/rcax/,NASDAQ,2026-02-02,4.47231333204707,-87.1076190476191,,,-14.322784810126592
RDDC,Corgi RDDT 2x Daily ETF,"Reddit, Inc.",RDDT,2x,long,2026-07-15T21:29:16.989917+00:00,Single Stock,11.0401,0,288138,0.45,Corgi,equity,2026-08-01T00:00:02.74+00:00,https://corgifunds.com/rddc,CBOE,2026-07-14,-42.8270326255826,-56.2595087163233,,,-34.98174322732626
RDTL,GraniteShares 2x Long RDDT Daily ETF,Reddit Inc.,RDDT,2x,long,2026-07-29T21:36:21.018332+00:00,Single Stock,12.12,680218,57348200,1.5,GraniteShares,equity,2026-08-01T00:00:02.74+00:00,https://graniteshares.com/institutional/us/en-us/etfs/rdtl/,NASDAQ,2024-09-03,-41.9818094782192,-76.4431486880466,True,Monthly,-36.26084669997371
RDWU,T-REX 2X Long RDW Daily Target ETF,Redwire Corporation,RDW,2x,long,2026-01-31T05:31:58.667739+00:00,Single Stock,4.49,1496650,21167200,1.5,T-Rex,equity,2026-08-01T00:00:02.74+00:00,https://www.rexshares.com/RDWU/,AMEX,2026-01-30,3.21839080459771,-83.7613019891501,True,Monthly,-13.32046332046331
REK,ProShares Short Real Estate,S&P Real Estate Select Sector Index,IXRE,1x,short,2025-08-23T17:15:00.570679+00:00,Sector,15.35,13792.4,11508800,0.95,ProShares,equity,2026-08-01T00:00:02.74+00:00,https://www.proshares.com/our-etfs/leveraged-and-inverse/rek,NYSE,2010-03-16,0.523903077930583,-10.807669959326,True,Monthly,1.053324555628704
RETL,Direxion Daily Retail Bull 3X Shares,S&P Retail Select Industry,,3x,long,2025-08-23T14:31:00.095711+00:00,,9.56,463734,30519200,0.96,Direxion Funds,equity,2026-08-01T00:00:02.74+00:00,,NYSE,,-2.64765784114053,2.68528464017186,True,Monthly,11.682242990654204
REW,ProShares UltraShort Technology,S&P Technology Select Sector Index,SIXT,2x,short,2025-08-23T17:15:00.570681+00:00,Sector,13.06,31118.7,4005520,0.95,ProShares,equity,2026-08-01T00:00:02.74+00:00,https://www.proshares.com/our-etfs/leveraged-and-inverse/rew,NYSE,2007-01-30,0.0819967354570738,-39.0858208955224,True,Monthly,1.7133956386292886
RGTC,Corgi RGTI 2x Daily ETF,"Rigetti Computing, Inc.",RGTI,2x,long,2026-07-15T21:29:16.989912+00:00,Single Stock,22.2587,0,176060,0.45,Corgi,equity,2026-08-01T00:00:02.74+00:00,https://corgifunds.com/rgtc,CBOE,2026-07-14,1.28686424674303,-15.9731974329936,,,7.093300744789358
RGTU,Tradr 2X Long RGTI Daily ETF,Rigetti Computing Inc.,RGTI,2x,long,2025-08-27T01:01:01.048996+00:00,Single Stock,10.5516,146914,6858410,1.3,Tradr ETFs,equity,2026-08-01T00:00:02.74+00:00,https://www.tradretfs.com/RGTU,CBOE,2025-06-23,1.45769230769231,-77.48271446863,True,Monthly,-1.3869158878504557
RGTX,Defiance Daily Target 2X Long RGTI ETF,,RGTI,2x,long,2026-07-29T21:36:21.018332+00:00,Single Stock,9.82,937816,40325400,1.29,Defiance ETFs,equity,2026-08-01T00:00:02.74+00:00,https://www.defianceetfs.com/RGTX/,NASDAQ,2025-02-28,0.821355236139631,-80.5003971405878,True,Monthly,-3.9138943248532323
RGTZ,Defiance Daily Target 2x Short RGTI ETF,Rigetti Computing,RGTI,2x,long,2025-10-14T02:58:43.58468+00:00,Single Stock,4.72,5944440,20237500,1.29,Defiance,equity,2026-08-01T00:00:02.74+00:00,https://www.defianceetfs.com/rgtz/,NASDAQ,2025-10-08,-1.25523012552302,-77.4054571565342,True,Monthly,-14.181818181818187
RGYY,GraniteShares YieldBoost RGTI ETF,2x Long RGTI Daily ETF,,variable,long,2025-11-26T06:37:35.500076+00:00,Single Stock,6.675,25844.7,2838010,1.07,GraniteShares,equity,2026-08-01T00:00:02.74+00:00,https://graniteshares.com/institutional/us/en-us/etfs/RGYY,NASDAQ,2025-11-25,-0.890868596881967,-64.1321869962386,,,-1.8382352941176472
RIOX,Defiance Daily Target 2X Long RIOT ETF,,RIOT,2x,long,2026-07-29T21:36:21.018332+00:00,Single Stock,27.14,145234,13590300,0.95,Defiance ETFs,equity,2026-08-01T00:00:02.74+00:00,https://www.defianceetfs.com/RIOX/,NASDAQ,2025-02-28,-17.5075987841945,22.2522522522523,True,Monthly,-30.249293240812122
RIVC,Corgi RIVN 2x Daily ETF,"Rivian Automotive, Inc.",RIVN,2x,long,2026-07-15T21:29:16.989907+00:00,Single Stock,18.8493,0,328318,0.45,Corgi,equity,2026-08-01T00:00:02.74+00:00,https://corgifunds.com/rivc,CBOE,2026-07-14,-19.0186500315775,-19.6876864081807,,,-8.963888472999674
RKLX,Defiance Daily Target 2X Long RKLB ETF,,RKLB,2x,long,2026-07-29T21:36:21.018332+00:00,Single Stock,16.37,3102550,133614000,1.29,Defiance ETFs,equity,2026-08-01T00:00:02.74+00:00,https://www.defianceetfs.com/RKLX/,NASDAQ,2025-03-12,0.676506765067647,-60.0877727660612,True,Monthly,-15.965092402464062
RKLZ,Defiance Daily Target 2x Short RKLB ETF,Rocket Lab Corporation,RKLB,2x,short,2025-11-26T06:37:35.500045+00:00,Single Stock,4.88,12389100,7625820,1.29,Defiance,equity,2026-08-01T00:00:02.74+00:00,https://www.defianceetfs.com/RKLZ/,NASDAQ,2025-11-17,-0.813008130081302,-87.7877877877878,,,3.49946977730647
RKTL,Defiance Daily Target 2X Long RKT ETF,"Rocket Companies, Inc",RKT,2x,long,2026-01-14T05:56:23.904375+00:00,Single Stock,8.5212,19956.8,1248400,1.31,Defiance,equity,2026-08-01T00:00:02.74+00:00,https://www.defianceetfs.com/RKTL/,CBOE,2026-01-12,-4.47085201793722,-78.4709449216776,,,-1.3750000000000027
RKX,Corgi RKLB 2x Daily ETF,Rocket Lab Corporation,RKLB,2x,long,2026-07-07T18:14:27.922134+00:00,Single Stock,10.0688,0,164864,0.45,Corgi,equity,2026-08-01T00:00:02.74+00:00,https://corgifunds.com/rkx,CBOE,2026-06-30,1.15940281712781,-62.246719160105,,,-15.102866779089377
RMBC,Corgi RMBS 2x Daily ETF,Rambus,RMBS,2x,long,2026-06-25T03:44:09.24028+00:00,Single Stock,11.6339,0,191946,0.45,Corgi,equity,2026-08-01T00:00:02.74+00:00,https://corgifunds.com/rmbc,CBOE,2026-06-24,4.41388966173344,-50.2399486740804,,,-11.461948249619484
RMBX,Tradr 2X Long RMBS Daily ETF,Rambus,RMBS,2x,long,2026-07-07T18:14:27.922162+00:00,Single Stock,10.9,0,227870,1.49,Tradr,equity,2026-08-01T00:00:02.74+00:00,https://www.tradretfs.com/RMBX,CBOE,2026-06-30,2.73423877699131,-51.4908767245216,,,-22.309337134711324
ROBN,T-REX 2X Long HOOD Daily Target ETF,Robinhood Markets Inc.,HOOD,2x,long,2026-07-29T21:36:21.018332+00:00,Single Stock,21.29,812081,88692800,1.05,REX,equity,2026-08-01T00:00:02.74+00:00,https://www.rexshares.com/ROBN,CBOE,2025-01-31,0.0940291490361992,-62.4647390691114,True,Monthly,-25.922059846903267
ROM,ProShares Ultra Technology,S&P Technology Select Sector Index,SIXT,2x,long,2025-08-23T17:15:00.570684+00:00,Sector,129.47,61893.9,1020520000,0.95,ProShares,equity,2026-08-01T00:00:02.74+00:00,https://www.proshares.com/our-etfs/leveraged-and-inverse/rom,NYSE,2007-01-30,-0.499538887181068,34.3189127502853,True,Monthly,-3.2506351815872025
RSBA,Return Stacked Bonds & Merger Arbitrage ETF,,,2x,,2025-08-27T00:36:36.784967+00:00,,20.6644,13814.7,53106800,1.01,Return Stacked,,2026-08-01T00:00:02.74+00:00,,CBOE,,-0.527103721496689,-0.985146142788694,,,-0.6213450292397702
RSBT,Return Stacked Bonds & Managed Futures ETF,,,2x,,2025-08-27T00:36:36.784967+00:00,,18.71,46346.9,136304000,1.01,Return Stacked,,2026-08-01T00:00:02.74+00:00,,CBOE,,0,3.08539944903583,,,-2.8455706719285403
RSBY,Return Stacked Bonds & Futures Yield ETF,,,2x,,2025-08-27T00:36:36.784967+00:00,,17.8141,21342.6,61532300,1.01,Return Stacked,,2026-08-01T00:00:02.74+00:00,,CBOE,,-0.657483827793881,15.8640650406504,,,-1.7424158852730236
RSSB,Return Stacked Global Stocks & Bonds ETF,,,2x,,2025-08-27T00:36:36.784967+00:00,,30.235,64801.9,501098000,0.39,Return Stacked,,2026-08-01T00:00:02.74+00:00,,CBOE,,0.0165398610651638,6.6114245416079,,,1.086593112671345
RSST,Return Stacked U.S. Stocks & Managed Futures ETF,,,2x,,2025-08-27T00:36:36.784967+00:00,,32.59,112522,473608000,0.99,Return Stacked,,2026-08-01T00:00:02.74+00:00,,CBOE,,1.26181102973848,14.0307907627712,,,-1.1525629360024128
RSSX,Return Stacked U.S. Stocks & Bonds ETF,,,2x,long,2025-08-23T14:31:10.680514+00:00,,23.581,15225.1,59353800,0.67,Return stacked ETFs,misc,2026-08-01T00:00:02.74+00:00,,CBOE,,-1.16849261100261,-8.49437330228948,,,0.558635394456291
RSSY,Return Stacked U.S. Stocks & Futures Yield ETF,,,2x,,2025-08-27T00:36:36.784967+00:00,,24.92,26744.9,91773300,0.99,Return Stacked,,2026-08-01T00:00:02.74+00:00,,CBOE,,0.524405002016953,28.4483114098388,,,-0.6149747549273733
RTXG,Leverage Shares 2x Long RTX Daily ETF,RTX Corporation,RTX,2x,long,2025-08-28T00:42:58.522376+00:00,Single Stock,28.3911,22574.3,4680970,0.77,Leverage Shares,equity,2026-08-01T00:00:02.74+00:00,https://leverageshares.com/us/etfs/leverage-shares-2x-long-rtx-daily-etf,NASDAQ,2025-06-06,0.898061012708614,25.5132625994695,,,4.225770925110144
RTYY,GraniteShares YieldBoost RIOT ETF,"Riot Platforms, Inc.",RIOT,variable,long,2025-12-04T07:26:45.053687+00:00,Single Stock,9.715,13038.7,3136010,1.07,GraniteShares,equity,2026-08-01T00:00:02.74+00:00,https://graniteshares.com/institutional/us/en-us/etfs/RTYY,NASDAQ,2025-12-02,-2.99841242898366,-47.9367631296892,,,-4.84818805093047
RVNL,GraniteShares 2x Long RIVN Daily ETF,Rivian Automotive Inc.,RIVN,2x,long,2026-07-29T21:36:21.018332+00:00,Single Stock,22.98,111869,11800800,1.15,GraniteShares,equity,2026-08-01T00:00:02.74+00:00,https://graniteshares.com/institutional/us/en-us/etfs/rvnl/,NASDAQ,2024-09-03,-19.2831727543827,-59.2841956059532,,,-16.64853101196953
RWM,ProShares Short Russell2000,Russell 2000 Index,RTY,1x,short,2025-08-23T17:15:00.570686+00:00,Broad Market,13.77,19195100,134943000,0.95,ProShares,equity,2026-08-01T00:00:02.74+00:00,https://www.proshares.com/our-etfs/leveraged-and-inverse/rwm,NYSE,2007-01-23,0.437636761487956,-15.4696132596685,True,Monthly,0.8791208791208733
RXD,ProShares UltraShort Health Care,S&P Health Care Select Sector Index,SIXV,2x,short,2025-08-23T17:15:00.570688+00:00,Sector,16.1242,7974.53,3103880,0.95,ProShares,equity,2026-08-01T00:00:02.74+00:00,https://www.proshares.com/our-etfs/leveraged-and-inverse/rxd,NYSE,2007-01-30,0.471695174003786,-10.5205327413985,True,Monthly,-0.7130541871921191
RXL,ProShares Ultra Health Care,S&P Health Care Select Sector Index,SIXV,2x,long,2025-08-23T17:15:00.570691+00:00,Sector,55.1,15602.3,88108900,0.95,ProShares,equity,2026-08-01T00:00:02.74+00:00,https://www.proshares.com/our-etfs/leveraged-and-inverse/rxl,NYSE,2007-01-30,-1.30754074870141,8.10280557190505,True,Monthly,0.1818181818181844
SAA,ProShares Ultra SmallCap600,S&P SmallCap 600,,2x,long,2025-08-23T17:15:00.570693+00:00,Broad Market,36.1588,5968.27,28732700,0.95,ProShares,equity,2026-08-01T00:00:02.74+00:00,https://www.proshares.com/our-etfs/leveraged-and-inverse/saa,NYSE,2007-01-23,-0.456988063251563,38.0106870229008,True,Monthly,-0.6080263881253523
SARK,Tuttle Capital Short Innovation ETF,,,,short,2025-08-23T14:28:25.897833+00:00,,30.3,166250,45122600,1,AXS,equity,2026-08-01T00:00:02.74+00:00,,NASDAQ,,2.38042945718099,2.1577882670263,True,Monthly,3.2016348773842007
SBB,ProShares Short SmallCap600,S&P SmallCap 600,SML,1x,short,2025-08-23T17:15:00.570695+00:00,Broad Market,22.5609,781.8,3452370,0.95,ProShares,equity,2026-08-01T00:00:02.74+00:00,https://www.proshares.com/our-etfs/leveraged-and-inverse/sbb,NYSE,2007-01-23,0.0700817472532777,-16.7494464944649,True,,-0.3964557386747444
SBIT,ProShares UltraShort Bitcoin ETF,Bitcoin,BTC,2x,short,2025-08-23T17:15:00.570698+00:00,Crypto-Linked,59,668965,173525000,0.95,ProShares,crypto,2026-08-01T00:00:02.74+00:00,https://www.proshares.com/our-etfs/leveraged-and-inverse/sbit,NYSE,2024-04-01,5.60229103275461,38.5301714017375,True,Monthly,4.166666666666665
SBTU,T-REX 2X Long SBET Daily Target ETF,SharpLink Gaming,SBET,2x,long,2025-10-24T05:10:55.187047+00:00,Single Stock,2.33,157581,2993540,1.5,T-Rex,equity,2026-08-01T00:00:02.74+00:00,https://www.rexshares.com/SBTU/,CBOE,2025-10-21,-8.984375,-71.5158924205379,True,,1.3043478260869674
SBU,Leverage Shares 2X Long SBUX Daily ETF,Starbucks Corporation,SBUX,2x,long,2025-11-18T04:37:38.789011+00:00,Single Stock,,,,0.75,Leverage Shares,equity,2026-07-29T21:36:21.018332+00:00,https://leverageshares.com/us/etfs/leverage-shares-2x-long-sbux-daily-etf/,NASDAQ,2025-11-17,,,True,Monthly,
SCC,ProShares UltraShort Consumer Discretionary,S&P Consumer Discretionary Select Sector Index,SIXY,2x,short,2025-08-23T17:15:00.5707+00:00,Sector,14.74,14739,7313250,0.95,ProShares,equity,2026-08-01T00:00:02.74+00:00,https://www.proshares.com/our-etfs/leveraged-and-inverse/scc,NYSE,2007-01-30,-6.23409669211196,4.16961130742049,True,Monthly,-12.366230677764566
SCDL,ETRACS 2x Leveraged US Dividend Factor TR ETN,Dow Jones US Dividend 100 TR USD Index,DJUSDIVT,2x,long,2025-08-27T01:12:59.274087+00:00,Exchange-Traded Note,58.3143,483.033,8915640,0.95,UBS ETRACS,debt,2026-08-01T00:00:02.74+00:00,https://etracs.ubs.com/product/detail/index/ussymbol/SCDL,NYSE ARCA,2021-02-05,0.546577168247488,36.6144785207086,,,1.244498459134522
SCO,ProShares UltraShort Bloomberg Crude Oil,Bloomberg Commodity Balanced WTI Crude Oil Index,BCBCLI,2x,short,2025-08-23T17:15:00.570703+00:00,Commodity,27.15,4791970,657583000,0.95,ProShares,commodity,2026-08-01T00:00:02.74+00:00,https://www.proshares.com/our-etfs/leveraged-and-inverse/sco,NYSE,2008-11-24,-1.0207801676996,-65.9944889779559,True,Monthly,5.930550136558718
SDD,ProShares UltraShort SmallCap600,S&P SmallCap 600,SML,2x,short,2025-08-23T17:15:00.570705+00:00,Broad Market,8.3623,1955.53,1392260,0.95,ProShares,equity,2026-08-01T00:00:02.74+00:00,https://www.proshares.com/our-etfs/leveraged-and-inverse/sdd,NYSE,2007-01-23,0.176098519334893,-32.7783985401812,True,Monthly,0.14730538922155398
SDOW,ProShares UltraPro Short Dow30,Dow Jones Industrial Average,INDU,3x,short,2025-08-23T17:15:00.570707+00:00,Broad Market,24.02,3375990,157943000,0.95,ProShares,equity,2026-08-01T00:00:02.74+00:00,https://www.proshares.com/our-etfs/leveraged-and-inverse/sdow,NYSE,2010-02-09,-1.39573070607553,-24.3345408725784,True,Monthly,-4.111776447105793
SDP,ProShares UltraShort Utilities,S&P Utilities Select Sector Index,SIXU,2x,short,2025-08-23T17:15:00.57071+00:00,Sector,22.4219,4745.3,4025170,0.95,ProShares,equity,2026-08-01T00:00:02.74+00:00,https://www.proshares.com/our-etfs/leveraged-and-inverse/sdp,NYSE,2007-01-30,1.06373868087389,-9.80732099758648,True,Monthly,8.84417475728155
SDS,ProShares UltraShort S&P500,S&P 500Â®,SPX,2x,short,2025-08-23T17:15:00.570712+00:00,Broad Market,57.13,2669720,438157000,0.91,ProShares,equity,2026-08-01T00:00:02.74+00:00,https://www.proshares.com/our-etfs/leveraged-and-inverse/sds,NYSE,2006-07-11,-1.29578438147892,-15.7125995868988,True,Monthly,-2.224884477152143
SEF,ProShares Short Financials,S&P Financial Select Sector Index,SIXM,1x,short,2025-08-23T17:15:00.570715+00:00,Sector,29.6121,6889.93,13212500,0.95,ProShares,equity,2026-08-01T00:00:02.74+00:00,https://www.proshares.com/our-etfs/leveraged-and-inverse/sef,NYSE,2008-06-10,0.0408783783783791,-3.38629690048939,True,Monthly,-2.008339124391937
SEMY,GraniteShares YieldBOOST Semiconductor ETF,ICESEMI Index,,variable,long,2025-11-26T06:37:35.500014+00:00,Basket of Stocks,13.87,196120,73988000,1.07,GraniteShares,equity,2026-08-01T00:00:02.74+00:00,https://graniteshares.com/institutional/us/en-us/etfs/SEMY,NASDAQ,2025-11-18,-1.70092133238838,-33.3813640730067,True,Monthly,-3.6805555555555634
SETH,ProShares Short Ether ETF,Bloomberg Ethereum Index,ETH,1x,short,2025-08-23T17:15:00.570717+00:00,Crypto-Linked,,,,0.95,ProShares,crypto,2026-07-29T21:36:21.018332+00:00,https://www.proshares.com/our-etfs/leveraged-and-inverse/seth,NYSE,2023-11-02,,,True,Monthly,
SH,ProShares Short S&P500,S&P 500Â®,SPX,1x,short,2025-08-23T17:15:00.570719+00:00,Broad Market,33.16,7989280,949478000,0.89,ProShares,equity,2026-08-01T00:00:02.74+00:00,https://www.proshares.com/our-etfs/leveraged-and-inverse/sh,NYSE,2006-06-19,-0.688828990715795,-7.50348675034869,True,Monthly,-1.0739856801909502
SHNY,MicroSectors Gold 3X Leveraged ETNs,Gold,XAUUSD,3x,long,2025-08-23T14:27:54.786881+00:00,,7.92,582852,79019200,0.95,BMO Capital Markets,commodity,2026-08-01T00:00:02.74+00:00,,NYSE,,-4.57831325301206,-41.9014084507042,,,-0.25188916876574885
SHPU,Direxion Daily SHOP Bull 2X ETF,"Shopify, Inc",,2x,long,2025-08-27T00:36:36.784967+00:00,,11.27,93039.9,13825000,1.09,Direxion,equity,2026-08-01T00:00:02.74+00:00,,NASDAQ,,-9.08650898647995,-62.0794078061911,,,5.732245051130489
SHRT,Gotham Short Strategies ETF,,,,short,2025-08-27T00:36:36.784967+00:00,,6.5974,15121.3,15011600,1.35,Gotham,equity,2026-08-01T00:00:02.74+00:00,,AMEX,,-1.46074799856613,-13.5334207077326,,,0.8006111535523368
SIJ,ProShares UltraShort Industrials,S&P Industrials Select Sector Index,IXI,2x,short,2025-08-23T17:15:00.570722+00:00,Sector,16.41,1921.1,6114740,0.95,ProShares,equity,2026-08-01T00:00:02.74+00:00,https://www.proshares.com/our-etfs/leveraged-and-inverse/sij,NYSE,2007-01-30,-1.39643320674902,-26.9757920968316,True,Monthly,3.0455259026687562
SIMX,Corgi SIMO 2x Daily ETF,Silicon Motion Technology,SIMO,2x,long,2026-06-25T03:44:09.240286+00:00,Single Stock,13.8621,0,1220450,0.45,Corgi,equity,2026-08-01T00:00:02.74+00:00,https://corgifunds.com/simx,CBOE,2026-06-24,2.10288290146282,-43.3737745098039,,,-27.688575899843514
SJB,ProShares Short High Yield,Markit iBoxx $ Liquid High Yield Index,IBOXHY,1x,short,2025-08-23T17:15:00.570726+00:00,Fixed Income,15.229,106954,48092300,0.95,ProShares,debt,2026-08-01T00:00:02.74+00:00,https://www.proshares.com/our-etfs/leveraged-and-inverse/sjb,NYSE,2011-03-21,0.124917817225499,-0.20314547837484,True,Monthly,-0.20314547837483998
SK,Corgi SK hynix 2x Daily ETF,SK hynix Inc.,SKHY,2x,long,2026-07-15T04:03:57.391779+00:00,Single Stock,18.94,0,7099300,0.5,Corgi,equity,2026-08-01T00:00:02.74+00:00,https://corgifunds.com/sk,CBOE,2026-07-14,-6.92874692874693,-37.4297984803436,,,-27.2936660268714
SKDD,GraniteShares 2x Short SK Hynix Daily ETF,SK hynix Inc.,SKHY,2x,short,2026-07-15T04:03:57.39177+00:00,Single Stock,14.81,0,40451000,2.2,GraniteShares,equity,2026-08-01T00:00:02.74+00:00,https://graniteshares.com/institutional/us/en-us/etfs/skdd,NASDAQ,2026-07-14,7.08604483007954,-24.8604769152714,,,9.379615952732655
SKF,ProShares UltraShort Financials,S&P Financial Select Sector Index,SIXM,2x,short,2025-08-23T17:15:00.570728+00:00,Sector,23.16,15540.2,10353300,0.95,ProShares,equity,2026-08-01T00:00:02.74+00:00,https://www.proshares.com/our-etfs/leveraged-and-inverse/skf,,2007-01-30,0.303161541792985,-8.09523809523809,True,Monthly,-3.6004162330905243
SKHA,Tradr 2X Long SK hynix Daily ETF,SK hynix Inc,SKHY,2x,long,2026-07-29T21:32:45.547462+00:00,Single Stock,24.4769,0,0,,Tradr,equity,2026-08-01T00:00:02.74+00:00,https://www.tradretfs.com/SKHA,CBOE,2026-07-27,-5.9304381245196,9.61442006269594,,,9.614420062695936
SKHL,Direxion Daily SK Hynix Bull 2X Shares,SK hynix Inc,SKHY,2x,long,2026-07-15T21:29:16.989984+00:00,Single Stock,7.33,0,16324400,0.97,Direxion,equity,2026-08-01T00:00:02.74+00:00,https://www.direxion.com/product/daily-sk-hynix-bull-etf-skhl,AMEX,2026-07-15,-6.97969543147208,-44.0884820747521,,,-27.28174603174603
SKHN,Tradr 2X Short SK hynix Daily ETF,SK hynix Inc,SKHY,2x,short,2026-07-29T21:32:45.547461+00:00,Single Stock,21.31,0,0,1.49,Tradr,equity,2026-08-01T00:00:02.74+00:00,https://www.tradretfs.com/SKHN,CBOE,2026-07-27,4.40960313571778,-22.6497277676951,,,-22.649727767695108
SKHU,ProShares Ultra SK hynix,SK hynix Inc,SKHY,2x,long,2026-07-15T04:03:57.391766+00:00,Single Stock,14.98,0,46970600,0.95,ProShares,equity,2026-08-01T00:00:02.74+00:00,https://www.proshares.com/our-etfs/leveraged-and-inverse/skhu,AMEX,2026-07-13,-7.12957222566645,-38.1758151052414,,,-26.926829268292682
SKHX,Leverage Shares 2X Long SK Hynix Daily ETF,SK hynix Inc.,SKHY,2x,long,2026-07-15T04:03:57.391773+00:00,Single Stock,11.37,0,60371600,0.75,Leverage Shares,equity,2026-08-01T00:00:02.74+00:00,https://leverageshares.com/us/etfs/leverage-shares-2x-long-sk-hynix-daily-etf,CBOE,2026-07-14,-6.87960687960689,-37.4243258117777,,,-27.16207559256887
SKHZ,Leverage Shares 1X Short SK Hynix Daily ETF,SK hynix Inc.,SKHY,1x,short,2026-07-15T04:03:57.391763+00:00,Single Stock,13.28,0,5440440,0.75,Leverage Shares,equity,2026-08-01T00:00:02.74+00:00,https://leverageshares.com/us/etfs/leverage-shares-1x-short-sk-hynix-daily-etf,CBOE,2026-07-14,3.42679127725856,-1.84774575018477,,,8.408163265306118
SKRE,Tuttle Capital Daily 2X Inverse ETF,S&P Regional Banks Select Industry,,2x,short,2025-08-23T14:28:56.740711+00:00,,6.0471,24558.9,5074670,0.75,REX,equity,2026-08-01T00:00:02.74+00:00,https://www.rexshares.com//SKRE,NASDAQ,,-0.474003851281283,-33.6212952799122,True,Monthly,-2.623188405797095
SKUU,GraniteShares 2x Long SK Hynix Daily ETF,SK hynix Inc.,SKHY,2x,long,2026-07-15T04:03:57.391783+00:00,Single Stock,18.87,0,124726000,1.5,GraniteShares,equity,2026-08-01T00:00:02.74+00:00,https://graniteshares.com/institutional/us/en-us/etfs/skuu,NASDAQ,2026-07-14,-7.22713864306784,-37.3089700996678,,,-27.170976456966418
SKYU,ProShares Ultra Nasdaq Cloud Computing,ISE CTA Cloud Computing Index,CPQ,2x,long,2025-08-23T17:15:00.570731+00:00,Thematic,40.46,1936.53,3603440,0.95,ProShares,equity,2026-08-01T00:00:02.74+00:00,https://www.proshares.com/our-etfs/leveraged-and-inverse/skyu,NASDAQ,2021-01-19,4.12055956437152,13.492286115007,True,,18.062445287423394
SLON,ProShares Ultra Solana ETF,Bloomberg Solana Index,SOL,2x,long,2025-08-23T17:15:00.570733+00:00,Crypto-Linked,17.3074,48899.1,15595600,2.14,ProShares,crypto,2026-08-01T00:00:02.74+00:00,https://www.proshares.com/our-etfs/leveraged-and-inverse/slon,NYSE,2025-07-14,-3.9928552409692,-76.7060565275908,True,Monthly,-4.114127423822712
SLTY,YieldMax Ultra Short Option Income Strategy ETF,Invests across 15 to 30 securities,,variable,short,2025-08-27T00:36:36.784967+00:00,Basket of Stocks,22.27,17608.9,18130100,1.25,YieldMax,equity,2026-08-01T00:00:02.74+00:00,https://yieldmaxetfs.com/our-etfs/SLTY/,AMEX,2025-08-20,1.06648513728159,-33.995257854179,,,-1.4601769911504505
SMCL,GraniteShares 2x Long SMCI Daily ETF,Super Micro Computer Inc.,SMCI,2x,long,2026-07-29T21:36:21.018332+00:00,Single Stock,10.46,879608,29229100,1.5,GraniteShares,equity,2026-08-01T00:00:02.74+00:00,https://graniteshares.com/institutional/us/en-us/etfs/smcl/,NASDAQ,2024-09-03,4.68374699759808,-66.7584423277346,True,Monthly,-15.780998389694036
SMCX,Defiance Daily Target 2X Long SMCI ETF,"Super Micro Computer, Inc.",SMCI,2x,long,2026-07-29T21:36:21.018332+00:00,Single Stock,7.56,7136240,127292000,1.43,Defiance ETFs,equity,2026-08-01T00:00:02.74+00:00,https://www.defianceetfs.com/SMCX/,NASDAQ,2024-08-21,4.85436893203883,-68.2352941176471,True,Monthly,-15.719063545150513
SMCZ,Defiance Daily Target 2X Short SMCI ETF,,SMCI,2x,short,2026-07-29T21:36:21.018332+00:00,Single Stock,7.23,1714920,7845230,1.29,Defiance ETFs,equity,2026-08-01T00:00:02.74+00:00,https://www.defianceetfs.com/SMCZ/,NYSE,2024-08-21,-5.11811023622047,-86.820998906307,,,9.878419452887542
SMDD,ProShares UltraPro Short MidCap400,S&P MidCap 400,MID,3x,short,2025-08-23T17:15:00.570736+00:00,Broad Market,8.08,8962.03,2144150,0.95,ProShares,equity,2026-08-01T00:00:02.74+00:00,https://www.proshares.com/our-etfs/leveraged-and-inverse/smdd,NYSE,2010-02-09,0.123915737298634,-34.7334410339257,True,,1.6096579476861181
SMHB,ETRACS Monthly Pay 2xLeveraged US Small Cap High Dividend ETN Series B,Solactive US Small Cap High Dividend Index,SOLSMHD,2x,long,2025-08-27T01:13:36.43721+00:00,Exchange-traded Note,3.9439,24786,22059400,1.65,UBS ETRACS,debt,2026-08-01T00:00:02.74+00:00,https://etracs.ubs.com/product/detail/index/ussymbol/SMHB,NYSE ARCA,2018-11-08,-1.15538847117795,-1.38524241742304,,,-3.0982800982801004
SMN,ProShares UltraShort Materials,S&P Materials Select Sector Index,IXB,2x,short,2025-08-23T17:15:00.570738+00:00,Sector,20.57,3867.47,3963300,0.95,ProShares,equity,2026-08-01T00:00:02.74+00:00,https://www.proshares.com/our-etfs/leveraged-and-inverse/smn,NYSE,2007-01-30,4.82329859607104,-21.5484363081617,True,Monthly,2.8500000000000014
SMRX,Corgi SMR 2x Long Daily ETF,Nuscale Power Corp.,SMR,2x,long,2026-07-14T02:26:11.590906+00:00,Single Stock,20.8076,0,251338,0.45,Corgi,equity,2026-08-01T00:00:02.74+00:00,https://corgifunds.com/smrx,CBOE,2026-07-10,-1.94391166865377,-16.3008849557522,,,0.6900556496491731
SMST,Defiance Daily Target 2X Short MSTR ETF,,MSTR,2x,short,2026-07-29T21:36:21.018332+00:00,Single Stock,59.6035,293383,31195800,1.31,Defiance ETFs,equity,2026-08-01T00:00:02.74+00:00,https://www.defianceetfs.com/SMST/,NYSE,2024-07-09,8.36999999999999,-33.2398073476703,True,Weekly,-5.263450687435432
SMTG,Leverage Shares 2X Long SMTC Daily ETF,Semtech Corporation,SMTC,2x,long,2026-06-24T04:52:15.469068+00:00,Single Stock,6.0372,0,140850,0.99,Leverage Shares,equity,2026-08-01T00:00:02.74+00:00,https://leverageshares.com/us/etfs/leverage-shares-2x-long-smtc-daily-etf,CBOE,2026-06-23,5.4072457442165,-55.997084548105,,,-29.140845070422525
SMU,Tradr 2X Long SMR Daily ETF,Nuscale Power Corp.,SMR,2x,long,2025-08-27T01:01:38.392285+00:00,Single Stock,5.46,1706840,37606300,1.3,Tradr ETFs,equity,2026-08-01T00:00:02.74+00:00,https://www.tradretfs.com/SMU,CBOE,2025-07-10,-4.21052631578948,-83.1481481481482,True,Monthly,-10.049423393739708
SMUP,T-REX 2X Long SMR Daily Target ETF,NuScale Power Corporation,,2x,long,2025-08-23T14:31:10.41173+00:00,,4.28,236006,7559220,1.5,REX,equity,2026-08-01T00:00:02.74+00:00,https://www.rexshares.com//SMUP,CBOE,,-4.67706013363029,-82.7070707070707,True,Monthly,-7.158351409978309
SMYY,GraniteShares YieldBOOST SMCI ETF,"Super Micro Computer, Inc.",SMCI,variable,long,2025-10-01T05:26:35.154798+00:00,Single Stock,6.23,27301.6,7398610,1.07,GraniteShares,equity,2026-08-01T00:00:02.74+00:00,https://graniteshares.com/institutional/us/en-us/etfs/SMYY/,NASDAQ,2025-09-30,-1.34600158353127,-51.7801857585139,,,-4.4478527607361835
SMZ,Tradr 2X Short SMR Daily ETF,Nuscale Power Corp,SMR,2x,short,2026-02-12T19:08:19.323574+00:00,Single Stock,25.63,38678.1,2365810,1.49,Tradr,equity,2026-08-01T00:00:02.74+00:00,http://tradretfs.com/SMZ,CBOE,2026-02-10,4.06008932196508,-1.46097654748175,True,,-6.117216117216123
SNAG,Leverage Shares 2x Long SNAP Daily ETF,Snap Inc,SNAP,2x,long,2025-12-25T03:46:12.246052+00:00,Single Stock,4.42,57368.8,2539920,0.75,Leverage Shares,equity,2026-08-01T00:00:02.74+00:00,https://leverageshares.com/us/etfs/leverage-shares-2x-long-snap-daily-etf,NASDAQ,2025-12-18,0.768301301780535,-74.4508670520231,True,Monthly,11.616161616161616
SNDC,Corgi SNDK 2x Daily ETF,Sandisk Corporation,SNDK,2x,long,2026-06-27T04:50:19.324657+00:00,Single Stock,5.08,0,1780320,0.45,Corgi,equity,2026-08-01T00:00:02.74+00:00,https://corgifunds.com/sndc,CBOE,2026-06-26,-9.44741532976827,-74.2131979695431,,,-46.526315789473685
SNDG,Leverage Shares 2X Long SNDK Daily ETF,SanDisk Corporation,SNDK,2x,long,2026-05-12T21:33:48.498932+00:00,Single Stock,5.8,3656240,36866500,0.75,Leverage Shares,equity,2026-08-01T00:00:02.74+00:00,https://leverageshares.com/us/etfs/leverage-shares-2x-long-sndk-daily-etf,CBOE,2026-05-12,-9.79782270606532,-57.1639586410635,True,Monthly,-45.794392523364486
SNDQ,Tradr 2X Short SNDK Daily ETF,Sandisk Corp.,SNDK,2x,short,2026-04-28T01:00:30.969561+00:00,Single Stock,32.21,17170300,165706000,1.49,Tradr,equity,2026-08-01T00:00:02.74+00:00,https://www.tradretfs.com/SNDQ,CBOE,2026-04-22,11.3377117179399,-87.886423467469,True,Monthly,7.942359249329763
SNDU,T-REX 2X Long SNDK Daily Target ETF,Sandisk Corp.,SNDK,2x,long,2026-03-15T22:31:35.271173+00:00,Single Stock,14.62,9549410,135328000,1.5,T-Rex,equity,2026-08-01T00:00:02.74+00:00,https://www.rexshares.com/sndu/,CBOE,2026-03-12,-10.8536585365854,83.0552748749744,True,Monthly,-45.75139146567718
SNK,GraniteShares 2x Short SpaceX Daily ETF,SpaceX (Space Exploration Technologies),SPCX,2x,short,2026-06-15T18:30:57.745459+00:00,Single Stock,38.295,3381710,50139600,2.2,GraniteShares,equity,2026-08-01T00:00:02.74+00:00,https://graniteshares.com/etfs/snk/,CBOE,2026-06-15,7.29896329504064,79.9577067669173,True,Monthly,13.702494061757726
SNOU,T-REX 2X Long SNOW Daily Target ETF,Snowflake Inc,SNOW,2x,long,2026-07-29T21:36:21.018332+00:00,Single Stock,53.1,108186,23392600,1.5,REX,equity,2026-08-01T00:00:02.74+00:00,https://www.rexshares.com/SNOU,CBOE,2025-01-11,-3.66473149492017,24.2105263157895,True,Monthly,21.538109407187008
SNXX,Tradr 2X Long SNDK Daily ETF,Sandisk Corp,SNDK,2x,long,2026-02-04T19:39:19.214048+00:00,Single Stock,9.34,87073000,1106940000,1.49,Tradr,equity,2026-08-01T00:00:02.74+00:00,https://www.tradretfs.com/snxx,CBOE,2026-01-26,-10.8778625954199,184.539223153084,True,Monthly,-45.02648616833431
SOFA,Direxion Daily SOFI Bull 2X ETF,"SoFi Technologies, Inc.",SOFI,2x,long,2026-02-12T19:08:19.323586+00:00,Single Stock,11.9595,75646.5,6307810,0.97,Direxion,equity,2026-08-01T00:00:02.74+00:00,https://www.direxion.com/product/daily-sofi-bull-leveraged-single-stock-etf,NASDAQ,2026-02-11,-1.32425742574257,-49.7921914357683,,,-5.830708661417315
SOFC,Corgi SOFI 2x Daily ETF,"SoFi Technologies, Inc.",SOFI,2x,long,2026-07-10T23:45:36.843825+00:00,Single Stock,18.6452,0,163573,0.45,Corgi,equity,2026-08-01T00:00:02.74+00:00,https://corgifunds.com/sofc,AMEX,2026-07-10,-1.49252154250121,-26.4198895027624,,,-3.23230226281919
SOFX,Defiance Daily Target 2X Long SOFI ETF,"SoFi Technologies, Inc.",SOFI,2x,long,2026-07-29T21:36:21.018332+00:00,Single Stock,8.07,1376000,60490200,1.29,Defiance ETFs,equity,2026-08-01T00:00:02.74+00:00,https://www.defianceetfs.com/SOFX/,NASDAQ,2025-01-15,-1.70523751522534,-72.597623089983,True,Monthly,-6.866705135602988
SOLT,Volatility Shares 2x Solana ETF,Solana futures,SOL,2x,long,2026-07-29T21:36:21.018332+00:00,Crypto-Linked,30.92,397627,111511000,2.92,Volatility Shares,crypto,2026-08-01T00:00:02.74+00:00,https://www.volatilityshares.com/SOLT,NASDAQ,2025-03-20,-4.89080282989848,-77.1301775147929,True,Monthly,-4.538437789441182
SOLZ,Volatility Shares Solana ETF,Solana futures,SOL,1x,long,2026-07-29T21:36:21.018332+00:00,Crypto-Linked,,,,0.95,Volatility Shares,crypto,2026-07-29T21:36:21.018332+00:00,https://www.volatilityshares.com/SOLZ,NASDAQ,2025-03-20,,,True,Monthly,
SOUX,Defiance Daily Target 2X Long SOUN ETF,,SOUN,2x,long,2026-07-29T21:36:21.018332+00:00,Single Stock,9.73,70606.6,7694990,1.29,Defiance ETFs,equity,2026-08-01T00:00:02.74+00:00,https://www.defianceetfs.com/SOUX/,NASDAQ,2025-02-28,-1.01729399796541,-78.9576124567474,,,-8.942876394399944
SOXL,Direxion Daily Semiconductor Bull 3X Shares,NYSE Semiconductor Index,,3x,long,2025-08-23T14:31:00.095498+00:00,Index,114.72,68360100,15399300000,0.75,Direxion Funds,equity,2026-08-01T00:00:02.74+00:00,https://www.direxion.com/product/daily-semiconductor-bull-bear-3x-etfs,NYSE,2010-03-11,0,154.198980722358,True,Weekly,-24.252228458237038
SOXS,Direxion Daily Semiconductor Bear 3X Shares,NYSE Semiconductor Index,,3x,short,2025-08-23T14:28:46.462914+00:00,Index,54.27,70233500,1833940000,1,Direxion Funds,equity,2026-08-01T00:00:02.74+00:00,https://www.direxion.com/product/daily-semiconductor-bull-bear-3x-etfs,NYSE,2010-03-11,0.649109792284869,-90.6752577319588,True,Weekly,14.784263959390868
SPAL,GraniteShares 2x Long SpaceX Daily ETF,SpaceX (Space Exploration Technologies),SPCX,2x,long,2026-06-15T18:30:57.745456+00:00,Single Stock,9.82,1703590,23173400,1.5,GraniteShares,equity,2026-08-01T00:00:02.74+00:00,https://graniteshares.com/etfs/spal/,CBOE,2026-06-15,-7.18336483931947,-65.4225352112676,True,Monthly,-13.63236587510993
SPAX,T-REX 2X Long SpaceX Daily Target ETF,SpaceX (Space Exploration Technologies),SPCX,2x,long,2026-06-15T18:30:57.745452+00:00,Single Stock,5.91,1761410,21824000,1.5,T-Rex,equity,2026-08-01T00:00:02.74+00:00,https://www.rexshares.com/SPAX/,AMEX,2026-06-15,-7.36677115987461,-66.4204545454545,True,Monthly,-13.406593406593407
SPCF,ProShares Ultra SpaceX,SpaceX (Space Exploration Technologies),SPCX,2x,long,2026-06-15T18:30:57.745449+00:00,Single Stock,9.77,2340080,50864800,0.95,ProShares,equity,2026-08-01T00:00:02.74+00:00,https://www.proshares.com/our-etfs/leveraged-and-inverse/spcf,AMEX,2026-06-12,-6.86367969494757,-67.2587131367292,True,Monthly,-13.539823008849567
SPCG,Tradr 2X Short SpaceX Daily ETF,SpaceX (Space Exploration Technologies),SPCX,2x,short,2026-06-15T18:30:57.745434+00:00,Single Stock,39.08,2222260,44968300,1.49,Tradr,equity,2026-08-01T00:00:02.74+00:00,https://www.tradretfs.com/SPCG,CBOE,2026-06-12,7.00985761226724,88.3373493975903,True,Monthly,13.11143270622287
SPCH,Leverage Shares 2X Long SPCX Daily ETF,SpaceX (Space Exploration Technologies),SPCX,2x,long,2026-06-15T18:30:57.745445+00:00,Single Stock,5.85,25204400,238399000,0.75,Leverage Shares,equity,2026-08-01T00:00:02.74+00:00,https://leverageshares.com/us/etfs/leverage-shares-2x-long-spcx-daily-etf,CBOE,2026-06-15,-6.84713375796179,-67.9100383982447,True,Monthly,-13.461538461538463
SPCL,Defiance Pure Space Daily 2X Strategy ETF,Global space economy,,2x,long,2026-04-10T05:48:16.281649+00:00,Basket of Stocks,20.6062,259711,13341300,1.31,Defiance,equity,2026-08-01T00:00:02.74+00:00,https://www.defianceetfs.com/XAIL/,CBOE,2026-04-07,-0.453140096618348,-24.3809174311927,True,Monthly,-10.795670995670996
SPCM,Tradr 2X Long SpaceX Daily ETF,SpaceX (Space Exploration Technologies),SPCX,2x,long,2026-06-15T18:30:57.74543+00:00,Single Stock,9.97,780173,10351000,1.49,Tradr,equity,2026-08-01T00:00:02.74+00:00,https://www.tradretfs.com/SPCM,CBOE,2026-06-12,-7.42804085422469,-65.0175438596491,True,Monthly,-13.304347826086952
SPCQ,Defiance Daily Target 2X Short SpaceX ETF,SpaceX (Space Exploration Technologies),SPCX,2x,short,2026-06-15T18:30:57.745441+00:00,Single Stock,29.545,2278000,28116200,1.31,Defiance,equity,2026-08-01T00:00:02.74+00:00,https://www.defianceetfs.com/SPCQ/,CBOE,2026-06-12,7.43636363636364,54.9292081803881,True,Monthly,12.638200533739996
SPCU,Defiance Daily Target 2X Long SpaceX ETF,SpaceX (Space Exploration Technologies),SPCX,2x,long,2026-06-15T18:30:57.745422+00:00,Single Stock,7.82,1791400,30372100,1.31,Defiance,equity,2026-08-01T00:00:02.74+00:00,https://www.defianceetfs.com/SPCU/,CBOE,2026-06-12,-7.0154577883472,-66.6239863422962,True,Monthly,-13.207547169811315
SPDN,Direxion Daily S&P 500 Bear 1X Shares,S&P 500 Index,SPX,1x,short,2025-08-23T14:28:46.462986+00:00,,8.71,43865900,235987000,0.48,Direxion Funds,equity,2026-08-01T00:00:02.74+00:00,,NYSE,,-0.797266514806361,-7.24174653887114,True,Monthly,-1.1350737797956827
SPOG,Leverage Shares 2X Long SPOT Daily ETF,Spotify Inc,SPOT,2x,long,2025-11-18T04:37:38.789002+00:00,Single Stock,7.2731,27045.8,3550610,0.75,Leverage Shares,equity,2026-08-01T00:00:02.74+00:00,https://leverageshares.com/us/etfs/leverage-shares-2x-long-spot-daily-etf,NASDAQ,2025-11-17,-8.22934147603245,-40.6277551020408,True,Monthly,13.46489859594384
SPUU,Direxion Daily S&P 500 Bull 2X Shares,S&P 500 Index,SPX,2x,long,2025-08-23T14:31:00.095611+00:00,,214.16,21473.2,251913000,0.6,Direxion Funds,equity,2026-08-01T00:00:02.74+00:00,,NYSE,,1.51687523701175,14.7880152221686,True,Monthly,2.0757369938752603
SPXL,Direxion Daily S&P 500 Bull 3X Shares,S&P 500 Index,SPX,3x,long,2025-08-23T14:31:00.095519+00:00,Index,268.2,1714630,6264400000,0.84,Direxion Funds,equity,2026-08-01T00:00:02.74+00:00,https://www.direxion.com/product/daily-sp-500-bull-bear-3x-etfs,NYSE,2008-11-05,2.012095393861,19.6787148594377,True,Weekly,3.1419451601738326
SPXS,Direxion Daily S&P 500 Bear 3X Shares,S&P 500 Index,SPX,3x,short,2025-08-23T14:28:46.462948+00:00,Index,26.57,10219500,364952000,1.04,Direxion Funds,equity,2026-08-01T00:00:02.74+00:00,https://www.direxion.com/product/daily-sp-500-bull-bear-3x-etfs,NYSE,2008-11-05,-2.06413564319941,-23.9335814486115,True,Weekly,-3.4871049763893964
SPXU,ProShares UltraPro Short S&P500,S&P 500Â®,SPX,3x,short,2025-08-23T17:15:00.57074+00:00,Broad Market,37.27,8211740,463986000,0.9,ProShares,equity,2026-08-01T00:00:02.74+00:00,https://www.proshares.com/our-etfs/leveraged-and-inverse/spxu,NYSE,2009-06-23,-1.94685609050249,-23.8610827374872,True,Weekly,-3.395541731467069
SPYQ,Tradr 2X Long SPY Quarterly ETF,SPDR S&P 500 ETF Trust,SPY,2x,long,2025-08-27T01:02:18.641391+00:00,Single Stock,185.939,1811.13,13617600,0.95,Tradr ETFs,equity,2026-08-01T00:00:02.74+00:00,https://www.tradretfs.com/SPYQ,NASDAQ,2024-09-30,1.63117237474059,13.3771951219512,True,Monthly,2.310223396060305
SPYU,Max S&P 500 4X Leveraged Exchange-Traded Note,S&P 500 Index,SPX,4x,long,2025-08-23T14:30:08.678864+00:00,,32.3,753282,471611000,2.95,Bank of Montreal,equity,2026-08-01T00:00:02.74+00:00,,NYSE,,2.7027027027027,15.3777460260761,,,3.7584323803405018
SQQQ,ProShares UltraPro Short QQQ,Nasdaq-100 Index,QQQ,3x,short,2025-08-23T17:15:00.570742+00:00,Broad Market,43.73,57487400,2258690000,0.95,ProShares,equity,2026-08-01T00:00:02.74+00:00,https://www.proshares.com/our-etfs/leveraged-and-inverse/sqqq,NASDAQ,2010-02-09,-1.99462124607799,-34.3885971492873,True,Weekly,0.2521779000458492
SRS,ProShares UltraShort Real Estate,S&P Real Estate Select Sector Index,IXRE,2x,short,2025-08-23T17:15:00.570745+00:00,Sector,38.52,8867.77,14748600,0.95,ProShares,equity,2026-08-01T00:00:02.74+00:00,https://www.proshares.com/our-etfs/leveraged-and-inverse/srs,NYSE,2007-01-30,1.04772747543323,-22.572864321608,True,Monthly,2.2021756434067536
SRTY,ProShares UltraPro Short Russell2000,Russell 2000 Index,RTY,3x,short,2025-08-23T17:15:00.570747+00:00,Broad Market,23.57,2018880,81962100,0.95,ProShares,equity,2026-08-01T00:00:02.74+00:00,https://www.proshares.com/our-etfs/leveraged-and-inverse/srty,NYSE,2010-02-09,1.41996557659209,-43.5584291187739,True,Monthly,2.3447676943117632
SSG,ProShares UltraShort Semiconductors,Dow Jones U.S. SemiconductorsSM Index,DJUSSC,2x,short,2025-08-23T17:15:00.57075+00:00,Sector,13.85,976946,52084700,0.95,ProShares,equity,2026-08-01T00:00:02.74+00:00,https://www.proshares.com/our-etfs/leveraged-and-inverse/ssg,NYSE,2007-01-30,-1.00071479628306,-53.0349270939301,True,Monthly,9.313338595106549
SSK,REX-Ospreyâ¢ SOL + Staking ETF,Solana,SOL,1x,long,2026-07-29T21:36:21.018332+00:00,Crypto-Linked,,,,1.4,REX,crypto,2026-07-29T21:36:21.018332+00:00,https://www.rexshares.com/SSK/,CBOE,2025-07-02,,,True,Monthly,
SSO,ProShares Ultra S&P500,S&P 500Â®,SPX,2x,long,2025-08-23T17:15:00.570752+00:00,Broad Market,66.99,2932560,7456740000,0.87,ProShares,equity,2026-08-01T00:00:02.74+00:00,https://www.proshares.com/our-etfs/leveraged-and-inverse/sso,NYSE,2006-06-19,1.3464447806354,14.4345746498121,True,Weekly,2.1189024390243913
SSPC,Leverage Shares 2X Short SPCX Daily ETF,SpaceX (Space Exploration Technologies),SPCX,2x,short,2026-06-15T18:30:57.745437+00:00,Single Stock,23.17,20918100,204806000,0.75,Leverage Shares,equity,2026-08-01T00:00:02.74+00:00,https://leverageshares.com/us/etfs/leverage-shares-2x-short-spcx-daily-etf,CBOE,2026-06-15,7.02078521939955,77.5478927203065,True,Monthly,13.52278294953455
STLU,"2x Stellar ETF by Volatility Shares,",Stellar Lumens,XLM,2x,long,2026-04-02T17:01:32.979156+00:00,Crypto-Linked,15.8233,35888.9,1571830,1.85,Volatility Shares,crypto,2026-08-01T00:00:02.74+00:00,https://www.volatilityshares.com/STLU,CBOE,2026-04-01,-1.53760951812027,-26.0938813638487,,,-12.626725565985641
STSM,Defiance Daily Target 2X Short TSM ETF,Taiwan Semiconductor Manufacturing Co.,TSM,2x,short,2025-11-26T06:37:35.500049+00:00,Single Stock,19.4375,29562.1,2233070,1.31,Defiance,equity,2026-08-01T00:00:02.74+00:00,https://www.defianceetfs.com/STSM/,AMEX,2025-11-17,-0.473630312339996,-57.9277623738374,,,-1.9793242561775004
STXL,Defiance Daily Target 2x Long STX ETF,Seagate Technology Holdings plc,STX,2x,long,2026-04-28T01:00:30.969559+00:00,Single Stock,34.42,262392,24720800,1.31,Defiance,equity,2026-08-01T00:00:02.74+00:00,https://www.defianceetfs.com/STXL/,CBOE,2026-04-22,1.0569583088667,72.4448897795591,True,Monthly,-9.03805496828753
STXU,Leverage Shares 2X Long STX Daily ETF,Seagate Technology Holdings plc,STX,2x,long,2026-05-12T21:33:48.498941+00:00,Single Stock,12.92,85732,4090200,0.75,Leverage Shares,equity,2026-08-01T00:00:02.74+00:00,https://leverageshares.com/us/etfs/leverage-shares-2x-long-stx-daily-etf,CBOE,2026-05-12,-0.385505011565156,-10.8350586611456,True,Monthly,-7.317073170731705
STXX,Tradr 2X Long STX Daily ETF,Seagate Technology Holdings plc,STX,2x,long,2026-04-28T01:00:30.969568+00:00,Single Stock,42.94,117404,17304000,1.49,Tradr,equity,2026-08-01T00:00:02.74+00:00,https://www.tradretfs.com/STXX,CBOE,2026-04-24,0.22172949002217,65.3509954176133,True,Monthly,-8.657732397362263
SUIL,2x Sui ETF by Volatility Shares,SUI/USD,,2x,long,2026-05-18T23:41:53.354646+00:00,Crypto-Linked,5.5485,10569.2,1009580,1.85,Volatility Shares,crypto,2026-08-01T00:00:02.74+00:00,https://www.volatilityshares.com/SUIL,CBOE,2026-05-15,-5.52528520347353,-60.8471992887083,,,-13.169014084507042
SVIX,-1X Short VIX Futures ETF,Short VIX Futures Index,,1x,short,2025-08-23T14:28:05.343713+00:00,,24.21,2592780,162184000,1.47,VS TRUST,equity,2026-08-01T00:00:02.74+00:00,,CBOE,,3.02127659574468,-1.78498985801216,True,Weekly,4.805194805194803
SVOL,Simplify Volatility Premium ETF,Cboe Volatility Index,VIX,variable,short,2025-08-27T00:36:36.784967+00:00,VIX/Commodities,15.81,253139,506901000,0.66,Simplify,misc,2026-08-01T00:00:02.74+00:00,https://www.simplify.us/etfs/svol-simplify-volatility-premium-etf,AMEX,2021-05-12,1.15163147792706,-10.0682593856655,True,Monthly,-1.187499999999997
SZK,ProShares UltraShort Consumer Staples,S&P Consumer Staples Select Sector Index,SIXR,2x,short,2025-08-23T17:15:00.570754+00:00,Sector,20.9751,2609.53,4291310,0.95,ProShares,equity,2026-08-01T00:00:02.74+00:00,https://www.proshares.com/our-etfs/leveraged-and-inverse/szk,NYSE,2007-01-30,0.85103927762632,-18.3721201743462,True,Monthly,-2.5270808452104774
TAIL,Cambria Tail Risk ETF,,,,,2025-08-23T14:29:07.016664+00:00,,,,,,Cambria Investment Management,equity,2026-07-29T21:36:21.018332+00:00,,CBOE,,,,True,Monthly,
TAJX,Corgi India 2x Daily ETF,,,2x,long,2026-06-04T05:35:44.539241+00:00,Broad Market,26.3065,14.6667,384482,0.45,Corgi,equity,2026-08-01T00:00:02.74+00:00,https://corgifunds.com/tajx,CBOE,2026-06-03,0.503155707015903,8.03490759753593,,,7.3099594117766955
TARK,Tradr 2X Long Innovation ETF,ARK Innovation ETF,ARKK,2x,long,2025-08-27T01:02:56.726296+00:00,Leveraged Innovation ETF,36.6742,14455.1,12485200,1.15,Tradr ETFs,equity,2026-08-01T00:00:02.74+00:00,https://www.tradretfs.com/TARK,NASDAQ,2022-05-02,-4.72922246439121,-26.4161316211878,True,Monthly,-5.0137270137270145
TBF,ProShares Short 20+ Year Treasury,ICE U.S. Treasury 20+ Year Bond Index,IDCOT20T,1x,short,2025-08-23T17:15:00.570757+00:00,Fixed Income,25.49,161874,104327000,0.95,ProShares,debt,2026-08-01T00:00:02.74+00:00,https://www.proshares.com/our-etfs/leveraged-and-inverse/tbf,NYSE,2009-08-18,0.790826413602212,6.07573866000831,True,Monthly,1.3922036595067537
TBT,ProShares UltraShort 20+ Year Treasury,ICE U.S. Treasury 20+ Year Bond Index,IDCOT20T,2x,short,2025-08-23T17:15:00.570759+00:00,Fixed Income,38.45,359867,312360000,0.93,ProShares,debt,2026-08-01T00:00:02.74+00:00,https://www.proshares.com/our-etfs/leveraged-and-inverse/tbt,NULL,2008-04-29,1.34422772799158,10.9988452655889,True,Monthly,2.6976495726495866
TBX,ProShares Short 7-10 Year Treasury,ICE U.S. Treasury 7-10 Year Bond Index,IDCOT7TR,1x,short,2025-08-23T17:15:00.570762+00:00,Fixed Income,28.82,33690,20848200,0.95,ProShares,debt,2026-08-01T00:00:02.74+00:00,https://www.proshares.com/our-etfs/leveraged-and-inverse/tbx,NYSE,2011-04-04,0.173792144595067,3.66906474820144,,,-0.06934812760055331
TBXU,Direxion Daily Biotech Top 5 Bull 2X ETF,NYSE Biotechnology Top 5 Equal Weight Index,,2x,long,2025-10-06T04:56:53.503657+00:00,Index,34.3127,2416.17,2534510,0.98,Direxion,equity,2026-08-01T00:00:02.74+00:00,https://www.direxion.com/product/daily-biotech-top-5-bull-leveraged-titans-etf,AMEX,2025-10-01,-0.00757679519048659,10.1531300160514,,,4.389108609674482
TDAX,TDAQ Lift ETF,TappAlpha Innovation 100 GRowth & Daily Income ETF,TDAQ,1.3x,long,2026-01-23T21:49:11.832508+00:00,Misc,23.13,69589.5,46031500,0.98,TappAlpha,equity,2026-08-01T00:00:02.74+00:00,https://www.tappalphafunds.com/etfs/tdax,CBOE,2026-01-07,0.828247602441141,-3.38345864661655,,,-1.3646055437100226
TDCL,GraniteShares 2x Long TDC Daily ETF,Teradata Corporation,TDC,2x,long,2026-07-15T21:29:16.989975+00:00,Single Stock,20.1763,0,593720,1.5,GraniteShares,equity,2026-08-01T00:00:02.74+00:00,https://graniteshares.com/institutional/us/en-us/etfs/tdcl,NASDAQ,2026-07-14,2.86053672662017,-7.4056906837999,,,14.378117913832202
TECL,Direxion Daily Technology Bull 3x Shares,S&P Technology Select Sector,,3x,long,2025-08-23T14:31:00.095524+00:00,Sector,173.55,870043,4395400000,0.87,Direxion Funds,equity,2026-08-01T00:00:02.74+00:00,https://www.direxion.com/product/daily-technology-bull-bear-3x-etfs,NYSE,2008-12-17,-0.515907136715378,42.8277508024031,True,Monthly,-5.23125648446458
TECS,Direxion Daily Technology Bear 3X Shares,S&P Technology Select Sector,,3x,short,2025-08-23T14:28:46.463022+00:00,Sector,75.31,756844,82794400,1.01,Direxion Funds,equity,2026-08-01T00:00:02.74+00:00,https://www.direxion.com/product/daily-technology-bull-bear-3x-etfs,NYSE,2008-12-17,0.413333333333336,-54.9581339712919,True,Monthly,1.578095495009444
TECY,GraniteShares YieldBOOST Technology ETF,3x Long Technology Daily ETF,,variable,long,2026-05-06T06:10:16.266681+00:00,Sector,21.9893,835.2,645622,1.07,GraniteShares,equity,2026-08-01T00:00:02.74+00:00,https://graniteshares.com/etfs/tecy/,NASDAQ,2026-05-05,-0.590867992766731,-12.6715647339158,,,0.9146397430013811
TELG,Leverage Shares 2X Long TEL Daily ETF,TEConnectivity plc,TEL,2x,long,2026-06-17T04:00:40.223409+00:00,Single Stock,13.2942,2846.47,400326,0.99,Leverage Shares,equity,2026-08-01T00:00:02.74+00:00,https://leverageshares.com/us/etfs/leverage-shares-2x-long-tel-daily-etf,CBOE,2026-06-16,-0.105948919095595,-14.3414948453608,,,6.8665594855305505
TEMC,Corgi TEM 2x Daily ETF,"Tempus AI, Inc.",TEM,2x,long,2026-07-10T23:45:36.843812+00:00,Single Stock,12.2089,0,164978,0.45,Corgi,equity,2026-08-01T00:00:02.74+00:00,https://corgifunds.com/temc,AMEX,2026-07-10,-1.982209091347,-44.9801712483101,,,4.759657462545696
TEMT,Tradr 2X Long TEM Daily ETF,Tempus AI Inc.,TEM,2x,long,2025-08-27T01:03:32.750651+00:00,Single Stock,13.32,255463,23823000,1.3,Tradr ETFs,equity,2026-08-01T00:00:02.74+00:00,https://www.tradretfs.com/TEMT,CBOE,2025-05-12,-1.26019273535953,-62.6890756302521,True,Monthly,-11.436170212765951
TERC,Corgi TER 2x Daily ETF,Teradyne,TER,2x,long,2026-07-07T18:14:27.922199+00:00,Single Stock,22.2164,0,336500,0.45,Corgi,equity,2026-08-01T00:00:02.74+00:00,https://corgifunds.com/terc,AMEX,2026-07-07,2.45857411002938,14.1644398766701,,,9.67920299371044
TERG,Leverage Shares 2X Long TER Daily ETF,"Teradyne, Inc.",TER,2x,long,2025-11-18T04:37:38.788998+00:00,Single Stock,40.77,62883.1,7187660,0.75,Leverage Shares,equity,2026-08-01T00:00:02.74+00:00,https://leverageshares.com/us/etfs/leverage-shares-2x-long-ter-daily-etf/,NASDAQ,2025-11-17,1.37982996436663,98.9741387304113,True,Monthly,-2.836034318398469
TESC,Corgi TSLA 2x Daily ETF,Tesla,TSLA,2x,long,2026-06-27T04:50:19.324708+00:00,Single Stock,16.1847,0,222218,0.2,Corgi,equity,2026-08-01T00:00:02.74+00:00,https://corgifunds.com/tesc,CBOE,2026-06-26,2.14518327779461,-44.0363070539419,,,-5.2418032786885185
TEUP,T-REX 2X Long TE Daily Target ETF,T1 Energy Inc,TE,2x,long,2026-05-30T04:24:51.65771+00:00,Single Stock,2.54,169239,1178020,1.5,T-Rex,equity,2026-08-01T00:00:02.74+00:00,https://www.rexshares.com/TEUP/,CBOE,2026-05-29,-3.60531309297912,-88.4597910040891,True,Monthly,-48.99598393574297
TEXU,Direxion Daily Energy Top 5 Bull 2X ETF,S&P 500 Energy (Sector) Top 5 Equal Capped Index,,2x,long,2025-10-06T04:56:53.50367+00:00,Index,38.3576,2691.9,2793940,0.98,Direxion,equity,2026-08-01T00:00:02.74+00:00,https://www.direxion.com/product/daily-energy-top-5-bull-leveraged-titans-etf,AMEX,2025-10-01,3.69721546363881,57.2677326773268,,,-3.527162977867204
TIPD,Northern Trust TIPS Index Fund,,,,,2025-08-23T14:27:54.518679+00:00,,,,,,Direxion Funds,debt,2026-07-29T21:36:21.018332+00:00,,NYSE,,,,,,
TMF,Direxion Daily 20+ Year Treasury Bull 3X Shares,ICE U.S. Treasury 20+ Year Bond Index,TYX,3x,long,2025-08-23T14:27:55.050787+00:00,Misc,30.59,3820270,2165040000,0.9,Direxion Funds,debt,2026-08-01T00:00:02.74+00:00,https://www.direxion.com/product/daily-20-year-treasury-bull-bear-3x-etfs,NYSE,2009-04-16,-2.08066581306017,-18.5569755058573,True,Weekly,-4.046424090338768
TMV,Direxion Daily 20+ Year Treasury Bear 3X Shares,ICE U.S. Treasury 20+ Year Bond Index,TYX,3x,short,2025-08-23T14:27:54.518653+00:00,Misc,42.96,566939,188867000,0.97,Direxion Funds,debt,2026-08-01T00:00:02.74+00:00,https://www.direxion.com/product/daily-20-year-treasury-bull-bear-3x-etfs,NYSE,2009-04-16,1.994301994302,16.4227642276423,True,Monthly,3.94386644084201
TMYY,GraniteShares YieldBoost TSM ETF,Taiwan Semiconductor Manufacturing Company,TSM,variable,long,2026-04-14T17:31:44.157217+00:00,Single Stock,22.9527,3193.57,1117520,1.07,GraniteShares,equity,2026-08-01T00:00:02.74+00:00,https://graniteshares.com/etfs/tmyy/,NASDAQ,2026-04-14,-0.596351730589331,-8.84551231135822,,,0.273918741808648
TNA,Direxion Daily Small Cap Bull 3X Shares,Russell 2000,,3x,long,2025-08-23T14:31:00.095533+00:00,Index,67.6,4746070,1285750000,1.05,Direxion Funds,equity,2026-08-01T00:00:02.74+00:00,https://www.direxion.com/product/daily-small-cap-bull-bear-3x-etfs,NYSE,2008-11-05,-1.37146192004671,45.9097776818476,True,Weekly,-2.537485582468289
TOPW,Roundhill WeeklyPay Universe ETF,Solactive Roundhill WeeklyPay Universe Index,,variable,long,2026-03-23T20:22:29.357689+00:00,Misc,33.63,78608,137283000,0.32,Roundhill,equity,2026-08-01T00:00:02.74+00:00,https://www.roundhillinvestments.com/etf/topw/,CBOE,2025-09-04,2.78117359413204,-20.9821428571429,True,Monthly,2.5304878048780655
TPLX,Corgi TPL 2x Daily ETF,Texas Pacific Land Corporation,TPL,2x,long,2026-06-25T03:44:09.240265+00:00,Single Stock,28.8904,0,402340,0.45,Corgi,equity,2026-08-01T00:00:02.74+00:00,https://corgifunds.com/tplx,CBOE,2026-06-24,4.8817056745699,12.5453837164005,,,-7.7084278385095555
TPOR,Direxion Daily Transportation Bull 3X Shares,S&P Transportation Select Industry FMC Capped Index,,3x,long,2025-08-23T14:31:00.09575+00:00,,39.12,22307.5,18123800,0.99,Direxion Funds,equity,2026-08-01T00:00:02.74+00:00,,NYSE,,-0.025555839509341,29.665230361286,True,Monthly,-10.786773090079826
TQQQ,ProShares UltraPro QQQ,Nasdaq-100 Index,QQQ,3x,long,2025-08-23T17:15:00.570764+00:00,Broad Market,64.62,68444000,29331100000,0.82,ProShares,equity,2026-08-01T00:00:02.74+00:00,https://www.proshares.com/our-etfs/leveraged-and-inverse/tqqq,NASDAQ,2010-02-09,2.08530805687205,19.2911205464279,True,Weekly,-1.7634539373669755
TQQY,GraniteShares YieldBOOST QQQ ETF,Invesco QQQ Trust (Nasdaq-100 exposure),QQQ,variable,long,2026-07-29T21:36:21.018332+00:00,Single Stock,12.295,11896.3,6211810,1.15,GraniteShares,equity,2026-08-01T00:00:02.74+00:00,https://graniteshares.com/institutional/us/en-us/etfs/tqqy/,,2025-02-26,-0.364667747163695,-22.8185812931576,True,Monthly,-1.4823717948717987
TSDD,GraniteShares 2x Short Tesla Daily ETF,Tesla Inc,TSLA,2x,short,2025-08-23T14:29:37.841223+00:00,Single Stock,11.43,21460800,35929700,0.95,GraniteShares,equity,2026-08-01T00:00:02.74+00:00,https://graniteshares.com/institutional/us/en-us/etfs/tsdd,NASDAQ,2023-08-21,-1.55038759689922,53.6290322580645,True,Monthly,5.345622119815669
TSEG,Leverage Shares 2X Long TSEM Daily ETF,Tower Semiconductor,TSEM,2x,long,2026-06-17T04:00:40.223414+00:00,Single Stock,7.52,72992.4,695525,0.99,Leverage Shares,equity,2026-08-01T00:00:02.74+00:00,https://leverageshares.com/us/etfs/leverage-shares-2x-long-tsem-daily-etf,CBOE,2026-06-16,7.77499104263704,-47.5592747559275,,,-28.96143890872679
TSEU,Tradr 2X Long TSEM Daily ETF,Tower Semiconductor,TSEM,2x,long,2026-07-07T18:14:27.922166+00:00,Single Stock,16.29,0,651392,1.49,Tradr,equity,2026-08-01T00:00:02.74+00:00,https://www.tradretfs.com/TSEU,CBOE,2026-06-30,9.58553928328769,-28.4584980237154,,,-18.099547511312224
TSL,GraniteShares 1.25x Long TSLA ETF,Tesla Inc,TSLA,1.25x,long,2025-08-23T14:30:49.780403+00:00,Single Stock,11.3637,661141,8185210,1.15,GraniteShares,equity,2026-08-01T00:00:02.74+00:00,https://graniteshares.com/institutional/us/en-us/etfs/tsl,NASDAQ,2022-08-09,1.55227882037534,-40.4730225248821,True,Monthly,-3.533955857385396
TSLG,Leverage Shares 2X Long TSLA Daily ETF,,,2x,long,2025-08-27T00:36:36.784967+00:00,,3.62,35934400,29584800,0.8,Leverage Shares,equity,2026-08-01T00:00:02.74+00:00,,NASDAQ,,1.40056022408964,-62.448132780083,True,Monthly,-6.701030927835046
TSLI,ProShares Ultra TSLA,Tesla Inc,TSLA,2x,long,2025-09-16T00:57:31.785054+00:00,Single Stock,13.63,27635.1,2511980,0.95,ProShares,equity,2026-08-01T00:00:02.74+00:00,https://www.proshares.com/our-etfs/leveraged-and-inverse/TSLI,,2025-09-08,1.41369047619049,-62.3792437206735,,,-5.999999999999994
TSLL,Direxion Daily TSLA Bull 2X Shares,Tesla Inc,TSLA,2x,long,2025-08-23T14:31:00.095514+00:00,Single Stock,7.31,66858600,2876440000,0.83,Direxion Funds,equity,2026-08-01T00:00:02.74+00:00,https://www.direxion.com/product/daily-tsla-bull-and-bear-leveraged-single-stock-etfs,NASDAQ,2022-08-09,1.38696255201109,-63.0621526023244,True,Weekly,-6.402048655569783
TSLQ,Tradr 2x Short Tesla Daily ETF,Tesla Inc,TSLA,2x,short,2025-08-23T14:28:25.897805+00:00,Single Stock,27.1,7052380,129724000,1.17,Tradr ETFs,equity,2026-08-01T00:00:02.74+00:00,https://www.tradretfs.com/tslq-2x-short-tsla-daily-etf,NASDAQ,2022-07-13,-1.52616279069767,54.6803652968037,True,Weekly,5.529595015576331
TSLR,GraniteShares 1.25x Long Tesla Daily ETF,Tesla Inc,TSLA,1.25x,long,2025-08-23T14:30:49.780374+00:00,Single Stock,12.56,1412440,60268000,0.95,GraniteShares,equity,2026-08-01T00:00:02.74+00:00,https://graniteshares.com/institutional/us/en-us/etfs/tslr,NASDAQ,2023-08-21,1.45395799676898,-62.0199576655579,True,Monthly,-6.6171003717472034
TSLS,Direxion Daily TSLA Bear 1X Shares,Tesla Inc,TSLA,1x,short,2025-08-23T14:28:46.463033+00:00,Single Stock,66.77,571993,86050900,0.95,Direxion Funds,equity,2026-08-01T00:00:02.74+00:00,https://www.direxion.com/product/daily-tsla-bull-and-bear-leveraged-single-stock-etfs,NASDAQ,2022-08-09,-0.743273375947674,33.8076152304609,True,Monthly,2.9606784888203577
TSLT,T-Rex 2X Long Tesla Daily Target,Tesla Inc,TSLA,2x,long,2025-08-23T14:31:10.411693+00:00,,10.2,2809090,129511000,1.05,REX,equity,2026-08-01T00:00:02.74+00:00,https://www.rexshares.com//TSLT,CBOE,,1.29096325719959,-63.0702389572773,True,Monthly,-6.849315068493151
TSLW,Roundhill TSLA WeeklyPay ETF,"Tesla, Inc.",TSLA,1.2x,long,2025-08-27T01:17:42.283882+00:00,Single Stock,15.86,90836.1,63426600,0.99,Roundhill Investments,equity,2026-08-01T00:00:02.74+00:00,https://www.roundhillinvestments.com/etf/TSLW,CBOE,2025-02-19,1.14795918367347,-53.3392174168873,True,Monthly,-4.515352197471403
TSLZ,T-Rex 2X Inverse Tesla Daily Fund,Tesla Inc,TSLA,2x,short,2025-08-23T14:28:56.740704+00:00,,17.25,2827050,40296000,1.05,REX,equity,2026-08-01T00:00:02.74+00:00,https://www.rexshares.com//TSLZ,CBOE,,-1.42857142857143,50.6550218340611,True,Weekly,5.504587155963294
TSMG,Leverage Shares 2X Long TSM Daily ETF,,,2x,long,2025-08-27T00:36:36.784967+00:00,,35.21,117142,27407300,0.76,Leverage Shares,equity,2026-08-01T00:00:02.74+00:00,,NASDAQ,,-0.00709975150869074,40.2788844621514,True,Monthly,-4.216539717083779
TSMU,GraniteShares 2x Long TSM Daily ETF,Taiwan Semiconductor Manufacturing Co.,T,2x,long,2026-07-29T21:36:21.018332+00:00,Single Stock,63.65,101065,52145600,1.5,GraniteShares,equity,2026-08-01T00:00:02.74+00:00,https://graniteshares.com/institutional/us/en-us/etfs/tsmu/,NASDAQ,2024-09-03,0.365668476349805,38.6710239651416,True,Monthly,-3.8836153653328704
TSMX,Direxion Daily Taiwan Semiconductor Bull 2X Shares,Taiwan Semiconductor,,2x,long,2025-08-23T14:31:00.095649+00:00,,72.92,960465,525958000,0.99,Direxion Funds,equity,2026-08-01T00:00:02.74+00:00,,NASDAQ,,0.302613480055019,40.3927608779361,,,-4.1913020628038336
TSMZ,Direxion Daily TSM Bear 1X Shares,Taiwan Semiconductor,T,1x,short,2025-08-23T14:28:46.463308+00:00,,8.19,122284,3334880,1.01,Direxion Funds,equity,2026-08-01T00:00:02.74+00:00,,NASDAQ,,-0.0866159983408915,-30.5932203389831,,,0.9864364981504326
TSXD,Direxion Daily Semiconductors Top 5 Bear 2X ETF,NYSE Semiconductor Top 5 Equal Weight Index,,2x,short,2025-10-06T04:56:53.503679+00:00,Index,6,51245.9,1849260,0.99,Direxion,equity,2026-08-01T00:00:02.74+00:00,https://www.direxion.com/product/daily-semiconductors-top-5-bull-bear-leveraged-inverse-titans-etfs,AMEX,2025-10-01,-0.166389351081527,-65.3179190751445,,,6.007067137809185
TSXU,Direxion Daily Semiconductors Top 5 Bull 2X ETF,NYSE Semiconductor Top 5 Equal Weight Index,,2x,long,2025-10-06T04:56:53.50363+00:00,Index,51.2656,74518.6,10948500,0.97,Direxion,equity,2026-08-01T00:00:02.74+00:00,https://www.direxion.com/product/daily-semiconductors-top-5-bull-bear-leveraged-inverse-titans-etfs,AMEX,2025-10-01,-0.455145631067963,70.8853333333333,,,-12.441332194705378
TSYW,Roundhill Treasury Bond WeeklyPay ETF,,,1.2x,long,2025-11-18T04:37:38.788971+00:00,,41.3202,5772.4,2923000,0.99,Roundhill,,2026-08-01T00:00:02.74+00:00,https://roundhillinvestments.com/etf/tsyw/,CBOE,2025-11-13,-0.981552751271268,-13.0101052631579,True,,-2.054197047417672
TSYX,TSPY Lift ETF,TappAlpha SPY Growth & Daily Income ETF,TSPY,1.3x,long,2026-01-23T21:49:11.832512+00:00,Misc,23.0543,23650.7,15635700,0.98,TappAlpha,equity,2026-08-01T00:00:02.74+00:00,https://www.tappalphafunds.com/etfs/tsyx,NASDAQ,2026-01-07,0.834517899709156,-3.94041666666666,,,0.2796868203566895
TSYY,GraniteShares YieldBOOST TSLA ETF,Tesla Inc.,TSLA,variable,long,2026-07-29T21:36:21.018332+00:00,Single Stock,20.23,42031.9,61087500,1.15,GraniteShares,equity,2026-08-01T00:00:02.74+00:00,https://graniteshares.com/institutional/us/en-us/etfs/tsyy/,,2025-01-30,-0.295712173484469,-53.9389799635701,True,Monthly,-0.24654832347140387
TTDU,T-REX 2X Long TTD Daily Target ETF,"Trade Desk, Inc",TTD,2x,long,2025-08-27T00:36:36.784967+00:00,Single Stock,2.585,1232120,13177300,1.5,T-Rex,equity,2026-08-01T00:00:02.74+00:00,https://www.rexshares.com/TTDU/,CBOE,2025-09-17,-2.81954887218046,-83.9938080495356,True,Monthly,11.663066954643629
TTMX,Tradr 2X Long TTMI Daily ETF,TTM Technologies,TTMI,2x,long,2026-07-07T18:14:27.922169+00:00,Single Stock,8.45,0,199515,1.49,Tradr,equity,2026-08-01T00:00:02.74+00:00,https://www.tradretfs.com/TTMX,CBOE,2026-06-30,-0.588235294117655,-64.0731292517007,,,-37.69171779141105
TTT,ProShares UltraPro Short 20+ Year Treasury,ICE U.S. Treasury 20+ Year Bond Index,IDCOT20T,3x,short,2025-08-23T17:15:00.570767+00:00,Fixed Income,76.932,4455.87,18988400,0.95,ProShares,debt,2026-08-01T00:00:02.74+00:00,https://www.proshares.com/our-etfs/leveraged-and-inverse/ttt,NYSE,2012-03-27,2.5076615589607,16.0887279311906,True,Monthly,3.667969276377858
TTXD,Direxion Daily Technology Top 5 Bear 2X ETF,S&P 500 Information Technology (Sector) Top 5 Equal Capped Index,,2x,short,2025-10-06T04:56:53.503675+00:00,Index,14.63,7488.6,1666720,1.02,Direxion,equity,2026-08-01T00:00:02.74+00:00,https://www.direxion.com/product/daily-technology-top-5-bull-bear-leveraged-inverse-titans-etfs,AMEX,2025-10-01,7.41556534508078,-46.9889122400174,,,-2.2058823529411766
TTXU,Direxion Daily Technology Top 5 Bull 2X ETF,S&P 500 Information Technology (Sector) Top 5 Equal Capped Index,,2x,long,2025-10-06T04:56:53.503665+00:00,Index,30.72,12575.2,4135080,0.98,Direxion,equity,2026-08-01T00:00:02.74+00:00,https://www.direxion.com/product/daily-technology-top-5-bull-bear-leveraged-inverse-titans-etfs,AMEX,2025-10-01,-2.79588401321369,40.788267644363,,,-2.009569377990439
TWM,ProShares UltraShort Russell2000,Russell 2000 Index,RTY,2x,short,2025-08-23T17:15:00.570769+00:00,Broad Market,22.13,548275,45047600,0.95,ProShares,equity,2026-08-01T00:00:02.74+00:00,https://www.proshares.com/our-etfs/leveraged-and-inverse/twm,NYSE,2007-01-23,1.14259597806216,-30.0347771103383,True,Monthly,1.7471264367816046
TWOX,iShares Large Cap Accelerated Outcome ETF,S&P 500,,2x,,2025-08-27T00:36:36.784967+00:00,,29.16,10984.6,21605400,0.5,iShares,equity,2026-08-01T00:00:02.74+00:00,,CBOE,,0.81140040034157,3.42259265827274,,,0.5517241379310349
TWSC,Corgi TSM 2x Daily ETF,Taiwan Semiconductor Manufacturing,TSM,2x,long,2026-06-27T04:50:19.324691+00:00,Single Stock,20.7909,0,268358,0.45,Corgi,equity,2026-08-01T00:00:02.74+00:00,https://corgifunds.com/twsc,CBOE,2026-06-26,0.537725402206029,-23.4956450704847,,,-0.9957142857142829
TXNU,Direxion Daily TXN Bull 2X ETF,Texas Instruments Inc,TXN,2x,long,2026-03-26T21:44:14.440421+00:00,Single Stock,44.4723,39934.6,6387790,0.97,Direxion,equity,2026-08-01T00:00:02.74+00:00,https://www.direxion.com/product/daily-txn-bull-leveraged-single-stock-etf,AMEX,2026-03-25,-0.553890876565299,73.9577547428124,,,-3.110457516339873
TXXD,21Shares 2x Long Dogecoin ETF,Dogecoin,DOGE,2x,long,2025-11-26T06:37:35.50006+00:00,Crypto-Linked,2.923,50132.3,3123120,3.36,21Shares,crypto,2026-08-01T00:00:02.74+00:00,https://www.21shares.com/en-us/products-us/txxd,NASDAQ,2025-11-20,-2.7287853577371,-81.6394472361809,,,2.2027972027972087
TXXH,21Shares 2x Long HYPE ETF,Hyperliquid Coin,HYPE,2x,long,2026-05-03T05:25:24.134844+00:00,Crypto-Linked,29.7327,13144.8,3196560,1.89,21Shares,crypto,2026-08-01T00:00:02.74+00:00,https://www.21shares.com/en-us/products-us/txxh,NASDAQ,2026-04-30,-11.245671641791,21.8553278688525,,,-20.532674061205395
TXXS,21Shares 2x Long Sui ETF,Sui,SUI,2x,long,2025-12-06T20:29:37.110179+00:00,Crypto-Linked,19.4743,8640.04,1710510,4.55,21Shares,crypto,2026-08-01T00:00:02.74+00:00,https://www.21shares.com/en-us/products-us/txxs,NASDAQ,2025-12-04,-5.80567459588095,-98.9456253383866,,,-12.41601079379357
TYD,Direxion Daily 7-10 Year Treasury Bull 3X Shares,U.S. Treasuries,UST,3x,long,2025-08-23T14:27:55.050838+00:00,,22.56,20015.9,31878000,1.07,Direxion Funds,debt,2026-08-01T00:00:02.74+00:00,,NYSE,,-1.00921456779289,-11.6333725029377,True,Monthly,-0.48522276135863684
TYO,Direxion Daily 7-10 Year Treasury Bear 3X Shares,U.S. Treasuries,UST,3x,short,2025-08-23T14:27:54.518671+00:00,,14.76,13258.8,12422800,1,Direxion Funds,debt,2026-08-01T00:00:02.74+00:00,,NYSE,,1.13052415210688,10.561797752809,True,Monthly,0.634076498261403
TZA,Direxion Daily Small Cap Bear 3X Shares,Russell 2000,,3x,short,2025-08-23T14:28:46.462961+00:00,Basket of Stocks,41.8,17384800,239548000,0.99,Direxion Funds,equity,2026-08-01T00:00:02.74+00:00,https://www.direxion.com/product/daily-small-cap-bull-bear-3x-etfs,NYSE,2008-11-05,1.45631067961164,-43.5135135135135,True,Weekly,2.225483003179253
UBEW,Roundhill UBER WeeklyPay ETF,"Uber Technologies, Inc",UBER,1.2x,long,2025-10-24T05:10:55.187074+00:00,Single Stock,25.7422,3659.23,3654280,0.99,Roundhill,equity,2026-08-01T00:00:02.74+00:00,https://www.roundhillinvestments.com/etf/ubew/,CBOE,2025-10-23,-0.0194195873726036,-36.5897877392767,True,,3.924909164311671
UBOT,"Direxion Daily Robotics, Artificial Intelligence & Automation Index Bull 2X Shares",Indxx Global Robotics & Artificial Intelligence Thematic Index,,2x,long,2025-08-23T14:31:00.095721+00:00,,22.12,15536.5,21726300,1.32,Direxion Funds,equity,2026-08-01T00:00:02.74+00:00,,NYSE,,1.93548387096775,-16.0212604403948,True,Monthly,6.192990878540581
UBR,ProShares Ultra MSCI Brazil Capped,MSCI Brazil 25/50 Capped Index,MXBR2550,2x,long,2025-08-23T17:15:00.570772+00:00,International,32.7821,1510.63,3742880,0.95,ProShares,equity,2026-08-01T00:00:02.74+00:00,https://www.proshares.com/our-etfs/leveraged-and-inverse/ubr,NYSE,2010-04-27,0.704394092059676,21.550241008528,True,,5.408681672025718
UBRL,GraniteShares 2x Long UBER Daily ETF,Uber Technologies Inc.,UBER,2x,long,2026-07-29T21:36:21.018332+00:00,Single Stock,13.99,151502,19946500,1.15,GraniteShares,equity,2026-08-01T00:00:02.74+00:00,https://graniteshares.com/institutional/us/en-us/etfs/ubrl/,NASDAQ,2024-09-03,-0.173394318660227,-35.2614530310042,True,Monthly,2.5659824046920794
UBT,ProShares Ultra 20+ Year Treasury,ICE U.S. Treasury 20+ Year Bond Index,IDCOT20T,2x,long,2025-08-23T17:15:00.570774+00:00,Fixed Income,14.74,51732.4,57472500,0.95,ProShares,debt,2026-08-01T00:00:02.74+00:00,https://www.proshares.com/our-etfs/leveraged-and-inverse/ubt,NYSE,2010-01-19,-1.9294743845642,-11.4714714714715,True,Monthly,-3.0263157894736783
UCC,ProShares Ultra Consumer Discretionary,S&P Consumer Discretionary Select Sector Index,SIXY,2x,long,2025-08-23T17:15:00.570777+00:00,Sector,46.62,3654.13,9684970,0.95,ProShares,equity,2026-08-01T00:00:02.74+00:00,https://www.proshares.com/our-etfs/leveraged-and-inverse/ucc,NYSE,2007-01-30,6.81317774931667,-8.51648351648352,True,,12.283236994219639
UCO,ProShares Ultra Bloomberg Crude Oil,Bloomberg Commodity Balanced WTI Crude Oil Index,BCBCLI,2x,long,2025-08-23T17:15:00.570779+00:00,Commodity,40.42,3312060,432401000,1.43,ProShares,commodity,2026-08-01T00:00:02.74+00:00,https://www.proshares.com/our-etfs/leveraged-and-inverse/uco,NYSE,2008-11-24,0.999500249875059,112.848867825171,True,Weekly,-7.632541133455203
UCOP,ProShares Ultra Copper K-1 Free ETF,Copper,,2x,long,2026-04-28T01:00:30.969574+00:00,Commodity,42.7141,4196.37,4421450,0.95,ProShares,commodity,2026-08-01T00:00:02.74+00:00,https://www.proshares.com/our-etfs/leveraged-and-inverse/ucop,AMEX,2026-04-20,1.12239583333333,6.57210578842316,True,Monthly,5.979277593898403
UCTX,Corgi UCTT 2x Daily ETF,Ultra Clean Holdings,UCTT,2x,long,2026-06-27T04:50:19.324705+00:00,Single Stock,9.495,0,438217,0.45,Corgi,equity,2026-08-01T00:00:02.74+00:00,https://corgifunds.com/uctx,CBOE,2026-06-26,1.11821086261979,-63.6067458796474,,,-26.223776223776227
UCYB,ProShares Ultra Nasdaq Cybersecurity,Nasdaq CTA Cybersecurity Index,NQCYBRT,2x,long,2025-08-23T17:15:00.570782+00:00,Thematic,79.2853,4378.7,6640820,0.95,ProShares,equity,2026-08-01T00:00:02.74+00:00,https://www.proshares.com/our-etfs/leveraged-and-inverse/ucyb,NASDAQ,2021-01-19,4.14927239624522,55.9444947090988,True,Monthly,9.350310590393727
UDN,Invesco DB US Dollar Index Bearish Fund,USDX futures contracts,,1x,short,2025-08-23T14:31:10.680334+00:00,Index,,,,0.78,Invesco,misc,2026-07-29T21:36:21.018332+00:00,https://www.invesco.com/us/financial-products/etfs/product-detail?audienceType=investor&ticker=udn,NYSE,2007-02-20,,,True,Monthly,
UDOW,ProShares UltraPro Dow30,Dow Jones Industrial Average,INDU,3x,long,2025-08-23T17:15:00.570784+00:00,Broad Market,70.1,1538880,809680000,0.95,ProShares,equity,2026-08-01T00:00:02.74+00:00,https://www.proshares.com/our-etfs/leveraged-and-inverse/udow,NYSE,2010-02-09,1.4912407702331,20.3020422172644,True,Monthly,3.675219995563114
UECG,Leverage Shares 2x Long UEC Daily ETF,Uranium Energy Corp,UEC,2x,long,2026-02-10T22:54:57.261004+00:00,Single Stock,3.2,62407.7,1180140,0.75,Leverage Shares,equity,2026-08-01T00:00:02.74+00:00,https://leverageshares.com/us/etfs/leverage-shares-2x-long-uec-daily-etf,NASDAQ,2026-02-10,-2.7532972710144,-78.319783197832,,,-4.761904761904753
UGE,ProShares Ultra Consumer Staples,S&P Consumer Staples Select Sector Index,SIXR,2x,long,2025-08-23T17:15:00.570787+00:00,Sector,19.3979,60853.4,12674500,0.95,ProShares,equity,2026-08-01T00:00:02.74+00:00,https://www.proshares.com/our-etfs/leveraged-and-inverse/uge,NYSE,2007-01-30,-0.930030643513781,16.1550898203593,True,Monthly,3.290202342917991
UGL,ProShares Ultra Gold,Bloomberg Gold Subindex,BCOMGC,2x,long,2025-08-23T17:15:00.570789+00:00,Commodity,44.19,1676920,641980000,0.95,ProShares,commodity,2026-08-01T00:00:02.74+00:00,https://www.proshares.com/our-etfs/leveraged-and-inverse/ugl,NYSE,2008-12-01,-2.98572996706915,-22.3374340949033,True,Monthly,0.04527960153949744
UGLD,Direxion Daily Gold Bull 2X ETF,SPDR GOLD SHARES SWAP,,2x,long,2026-05-27T22:07:01.595234+00:00,Commodity,19.485,20137.9,2914750,1.07,Direxion,commodity,2026-08-01T00:00:02.74+00:00,https://www.direxion.com/product/daily-gold-bull-2x-etf,AMEX,2026-05-27,-2.79419908107219,-19.9630314232902,,,-0.14809955980096315
UJB,ProShares Ultra High Yield,Markit iBoxx $ Liquid High Yield Index,IBOXHY,2x,long,2025-08-23T17:15:00.570793+00:00,Fixed Income,77.95,22218,10076400,0.95,ProShares,debt,2026-08-01T00:00:02.74+00:00,https://www.proshares.com/our-etfs/leveraged-and-inverse/ujb,NYSE,2011-04-13,-0.0111597551010861,-1.28187917763182,,,0.6066081569437259
ULE,ProShares Ultra Euro,Euro/US Dollar,EURO,2x,long,2025-08-23T17:15:00.570795+00:00,Currency,12.57,3435.07,4347470,0.95,ProShares,misc,2026-08-01T00:00:02.74+00:00,https://www.proshares.com/our-etfs/leveraged-and-inverse/ule,NYSE,2008-11-24,-0.0612194598376477,-4.337899543379,True,Monthly,2.612244897959186
UMAL,Defiance Daily Target 2X Long UMAC ETF,"Unusual Machines, Inc",UMAC,2x,long,2026-06-19T18:04:46.399578+00:00,Single Stock,11.57,0,1600080,1.31,Defiance,equity,2026-08-01T00:00:02.74+00:00,https://www.defianceetfs.com/UMAL/,CBOE,2026-06-17,5.66210045662101,-42.0630946419629,,,-10.79414032382421
UMCX,Corgi UMC 2x Daily ETF,United Microelectronics Corporation,UMC,2x,long,2026-06-26T04:05:33.106588+00:00,Single Stock,12.3248,0,300099,,Corgi,equity,2026-08-01T00:00:02.74+00:00,https://corgifunds.com/umcx,CBOE,2026-06-24,1.18384972825641,-57.2945252945253,,,-4.236208236208232
UMDD,ProShares UltraPro MidCap400,S&P MidCap 400,MID,3x,long,2025-08-23T17:15:00.570797+00:00,Broad Market,34.54,7636.37,31146300,0.95,ProShares,equity,2026-08-01T00:00:02.74+00:00,https://www.proshares.com/our-etfs/leveraged-and-inverse/umdd,NULL,2010-02-09,-0.374963945774452,30.784289224874,True,Monthly,-1.9307211811470748
UN,Corgi UNH 2x Daily ETF,UnitedHealth Group,UNH,2x,long,2026-07-07T18:14:27.922175+00:00,Single Stock,24.3484,0,375350,0.45,Corgi,equity,2026-08-01T00:00:02.74+00:00,https://corgifunds.com/un,AMEX,2026-06-30,-3.12487566543857,-6.35230769230769,,,-2.707972876317117
UNHG,Leverage Shares 2x Long UNH Daily ETF,UnitedHealth,UNH,2x,long,2025-08-28T00:40:40.162773+00:00,Single Stock,22.3373,902111,80594700,0.77,Leverage Shares,equity,2026-08-01T00:00:02.74+00:00,https://leverageshares.com/us/etfs/leverage-shares-2x-long-unh-daily-etf,NASDAQ,2025-07-22,-3.26362333213518,32.8810232004759,True,Monthly,-4.988090174393886
UNHU,Direxion Daily UNH Bull 2X ETF,UnitedHealth Group Inc,UNH,2x,long,2026-03-26T21:44:14.440426+00:00,Single Stock,54.4818,4788.93,4202230,0.97,Direxion,equity,2026-08-01T00:00:02.74+00:00,https://www.direxion.com/product/daily-unh-bull-leveraged-single-stock-etf,AMEX,2026-03-25,-3.25766561783069,123.744558521561,,,-4.165699208443274
UNHW,Roundhill UNH WeeklyPay ETF,UnitedHealth Group,UNH,1.2x,long,2025-12-04T07:26:45.053678+00:00,Single Stock,52.0143,8943.57,6869550,0.99,Roundhill,equity,2026-08-01T00:00:02.74+00:00,https://roundhillinvestments.com/etf/unhw/,CBOE,2025-12-03,-2.00772418990203,5.10869697006439,True,Monthly,-3.157140197356176
UNX,Tradr 2X Long U Daily ETF,Unity Software Inc,U,2x,long,2025-08-27T00:36:36.784967+00:00,Single Stock,55.5663,2898.17,4390570,1.3,Tradr,equity,2026-08-01T00:00:02.74+00:00,https://www.tradretfs.com/UNX,CBOE,2025-09-15,-9.69938961368201,-72.6274384236453,True,Monthly,21.989413854195703
UPAL,ProShares Ultra Palladium K-1 Free ETF,Palladium,,2x,long,2026-04-28T01:00:30.969573+00:00,Commodity,24.0807,896.867,2820300,0.95,ProShares,commodity,2026-08-01T00:00:02.74+00:00,https://www.proshares.com/our-etfs/leveraged-and-inverse/upal,AMEX,2026-04-20,-5.42160393698622,-40.6147965474723,True,,5.217923229851653
UPLT,ProShares Ultra Platinum K-1 Free ETF,Platinum,,2x,long,2026-04-28T01:00:30.969571+00:00,Commodity,22.5481,442.533,2365950,0.95,ProShares,commodity,2026-08-01T00:00:02.74+00:00,https://www.proshares.com/our-etfs/leveraged-and-inverse/uplt,AMEX,2026-04-20,-1.25640464199693,-43.7562983287603,True,,7.244233055885864
UPRO,ProShares UltraPro S&P500,S&P 500Â®,SPX,3x,long,2025-08-23T17:15:00.5708+00:00,Broad Market,140.28,2146930,4809700000,0.89,ProShares,equity,2026-08-01T00:00:02.74+00:00,https://www.proshares.com/our-etfs/leveraged-and-inverse/upro,NULL,2009-06-23,1.96990622955587,19.2907861728815,True,Weekly,3.0561269468116343
UPSC,Corgi UPST 2x Daily ETF,"Upstart Holdings, Inc.",UPST,2x,long,2026-07-10T23:45:36.84381+00:00,Single Stock,16.8114,0,235953,0.45,Corgi,equity,2026-08-01T00:00:02.74+00:00,https://corgifunds.com/upsc,AMEX,2026-07-10,3.21150764659295,-30.5314049586777,,,3.898495729453795
UPSG,Leverage Shares 2X Long UPS Daily ETF,"United Parcel Service, Inc.",UPS,2x,long,2025-12-25T03:46:12.246068+00:00,Single Stock,,,,0.75,Leverage Shares,equity,2026-07-29T21:36:21.018332+00:00,https://leverageshares.com/us/etfs/leverage-shares-2x-long-ups-daily-etf,NASDAQ,2025-12-18,,,True,,
UPSX,Tradr 2X Long UPST Daily ETF,Upstart Holdings Inc.,UPST,2x,long,2025-08-27T01:04:13.011904+00:00,Single Stock,13.32,59148.2,17818400,1.3,Tradr ETFs,equity,2026-08-01T00:00:02.74+00:00,https://www.tradretfs.com/UPSX,CBOE,2025-06-09,2.69853508095605,-73.4555599840574,True,Monthly,-6.263194933145676
UPV,ProShares Ultra FTSE Europe,FTSE Developed Europe All Cap Index,ACDER,2x,long,2025-08-23T17:15:00.570802+00:00,International,102.815,811.5,13361600,0.95,ProShares,equity,2026-08-01T00:00:02.74+00:00,https://www.proshares.com/our-etfs/leveraged-and-inverse/upv,NYSE,2010-04-27,-0.779941924146256,12.2433406113537,True,,4.895181234237387
UPW,ProShares Ultra Utilities,S&P Utilities Select Sector Index,IXU,2x,long,2025-08-23T17:15:00.570805+00:00,Sector,22.7943,12408.4,17463800,0.95,ProShares,equity,2026-08-01T00:00:02.74+00:00,https://www.proshares.com/our-etfs/leveraged-and-inverse/upw,NYSE,2007-01-30,-1.15221162185602,4.94613259668509,True,Monthly,-7.939014539579974
URAA,Direxion Daily Uranium Industry Bull 2X Shares,Solactive United States Uranium and Nuclear Energy ETF Select Index,,2x,long,2025-08-23T14:31:00.095754+00:00,Sector,20.56,51008.2,26499200,1.3,Direxion Funds,equity,2026-08-01T00:00:02.74+00:00,https://www.direxion.com/product/daily-uranium-industry-bull-2x-etf,NYSE,2024-06-26,-2.37416904083571,-34.5639719923616,,,-8.132260947274354
URE,ProShares Ultra Real Estate,S&P Real Estate Select Sector Index,IXRE,2x,long,2025-08-23T17:15:00.570807+00:00,Sector,71.51,4270.33,62424900,0.95,ProShares,equity,2026-08-01T00:00:02.74+00:00,https://www.proshares.com/our-etfs/leveraged-and-inverse/ure,NYSE,2007-01-30,-1.02422145328719,23.2931034482759,True,Monthly,-4.158021990982717
URSP,Ultra S&P 500 Equal Weight,S&P 500 Index,,2x,long,2025-08-27T00:36:36.784967+00:00,Index,49.8335,72219.5,41619400,0.95,ProShares,equity,2026-08-01T00:00:02.74+00:00,https://www.proshares.com/our-etfs/leveraged-and-inverse/URSP,AMEX,2025-08-25,-0.293117246898752,21.5451219512195,,,2.327515400410673
URTY,ProShares UltraPro Russell2000,Russell 2000 Index,RTY,3x,long,2025-08-23T17:15:00.57081+00:00,Broad Market,78.6,615097,310769000,0.95,ProShares,equity,2026-08-01T00:00:02.74+00:00,https://www.proshares.com/our-etfs/leveraged-and-inverse/urty,NYSE,2010-02-09,-1.51610073925574,45.3940066592675,True,Monthly,-2.578086266732787
USAX,Tradr 2X Long USAR Daily ETF,USA Rare Earth Inc,USAR,2x,long,2026-01-14T05:56:23.904379+00:00,Single Stock,8.526,92130,5235000,1.49,Tradr,equity,2026-08-01T00:00:02.74+00:00,https://www.tradretfs.com/USAX,CBOE,2026-01-12,4.61349693251533,-68.6659316427784,True,Monthly,-3.223609534619758
USD,ProShares Ultra Semiconductors,Dow Jones U.S. SemiconductorsSM Index,DJUSSC,2x,long,2025-08-23T17:15:00.570812+00:00,Sector,78.69,886513,2158250000,0.95,ProShares,equity,2026-08-01T00:00:02.74+00:00,https://www.proshares.com/our-etfs/leveraged-and-inverse/usd,NYSE,2007-01-30,1.44385716127369,44.1472797215607,True,Monthly,-11.58426966292135
USDU,WisdomTree Bloomberg U.S. Dollar Bullish Fund,,,,long,2025-08-23T14:31:10.680346+00:00,,,,,,WisdomTree,misc,2026-07-29T21:36:21.018332+00:00,,NYSE,,,,True,Monthly,
USGG,Leverage Shares 2X Long USAR Daily ETF,USA Rare Earth Inc,USAR,2x,long,2026-01-14T05:56:23.904371+00:00,Single Stock,5.1256,232202,7136640,0.75,Leverage Shares,equity,2026-08-01T00:00:02.74+00:00,https://leverageshares.com/us/etfs/leverage-shares-2x-long-usar-daily-etf,NASDAQ,2026-01-13,3.54747474747475,-63.5448079658606,True,Monthly,-4.90538033395175
USLV,Direxion Daily Silver Bull 2X ETF,ISHARES SILVER TRUST SWAP,,2x,long,2026-05-27T22:07:01.595241+00:00,Commodity,13.1871,149464,7104970,1.1,Direxion,commodity,2026-08-01T00:00:02.74+00:00,https://www.direxion.com/product/daily-silver-bull-2x-etf,AMEX,2026-05-27,-4.17744513878798,-43.5241970021413,,,-2.1002227171492316
USML,ETRACS 2x Leveraged MSCI US Minimum Volatility Factor TR ETN,MSCI USA Minimum Volatility GR USD Index,,2x,long,2025-08-27T01:14:14.951234+00:00,ETN,44.5225,147.667,4478710,0.95,UBS ETRACS,debt,2026-08-01T00:00:02.74+00:00,https://etracs.ubs.com/product/detail/index/ussymbol/USML,NYSE ARCA,2021-02-05,0.34008239504548,7.38016279770878,,,2.3084753630115507
UST,ProShares Ultra 7-10 Year Treasury,ICE U.S. Treasury 7-10 Year Bond Index,IDCOT7TR,2x,long,2025-08-23T17:15:00.570814+00:00,Fixed Income,40.8534,10836,15032700,0.95,ProShares,debt,2026-08-01T00:00:02.74+00:00,https://www.proshares.com/our-etfs/leveraged-and-inverse/ust,NYSE,2010-01-19,-1.21076265714887,-6.76996805111821,True,Monthly,-0.5516066212268688
USX,Corgi Total U.S. Market 2x Daily ETF,,,2x,long,2026-06-04T05:35:44.539279+00:00,Broad Market,23.9735,318.2,457912,0.45,Corgi,equity,2026-08-01T00:00:02.74+00:00,https://corgifunds.com/usx,CBOE,2026-06-03,1.40302345845072,-2.9412955465587,,,2.117445604947946
UTSL,Direxion Daily Utilities Bull 3X Shares,S&P Utilities Select Sector,,3x,long,2025-08-23T14:31:00.095716+00:00,,42.12,101530,39341700,0.97,Direxion Funds,equity,2026-08-01T00:00:02.74+00:00,,NYSE,,-2.22841225626741,3.00807043286866,True,Monthly,-12.432432432432442
UUP,Invesco DB US Dollar Index Bullish Fund,,,,long,2025-08-23T14:31:10.680309+00:00,,,,,,Invesco,misc,2026-07-29T21:36:21.018332+00:00,,NYSE,,,,True,Monthly,
UUUC,Corgi UUUU 2x Daily ETF,Energy Fuels Inc.,UUUU,2x,long,2026-07-10T23:45:36.843823+00:00,Single Stock,17.2919,0,153435,0.45,Corgi,equity,2026-08-01T00:00:02.74+00:00,https://corgifunds.com/uuuc,AMEX,2026-07-10,-4.69001477170008,-32.9771317829457,,,0.7909676968093164
UUUG,Leverage Shares 2X Long UUUU Daily ETF,Energy Fuels Inc,UUUU,2x,long,2026-01-14T05:56:23.904377+00:00,Single Stock,3.09,354917,7888140,0.75,Leverage Shares,equity,2026-08-01T00:00:02.74+00:00,https://leverageshares.com/us/etfs/leverage-shares-2x-long-uuuu-daily-etf,NASDAQ,2026-01-13,-4.62962962962964,-80.0645161290323,True,Monthly,-10.95100864553315
UVIX,2x Long VIX Futures ETF,Long VIX Futures Index,,2x,long,2025-08-23T14:30:39.491856+00:00,,55.72,1622650,264894000,2.19,VS TRUST,equity,2026-08-01T00:00:02.74+00:00,,CBOE,,-5.70316466407176,-49.3454545454545,True,Weekly,-11.485305798252588
UWM,ProShares Ultra Russell2000,Russell 2000 Index,RTY,2x,long,2025-08-23T17:15:00.570817+00:00,Broad Market,62.87,276270,228697000,0.95,ProShares,equity,2026-08-01T00:00:02.74+00:00,https://www.proshares.com/our-etfs/leveraged-and-inverse/uwm,NYSE,2007-01-23,-0.882862998581117,32.2048154768163,True,Monthly,-1.596493974017848
UXI,ProShares Ultra Industrials,S&P Industrials Select Sector Index,SIXI,2x,long,2025-08-23T17:15:00.570819+00:00,Sector,59.5417,6190.4,29818500,0.95,ProShares,equity,2026-08-01T00:00:02.74+00:00,https://www.proshares.com/our-etfs/leveraged-and-inverse/uxi,NULL,2007-01-30,1.7716373929155,27.4849897347966,True,Monthly,-4.104203575454992
UXRP,ProShares Ultra XRP ETF,Bloomberg XRP Index,XRP,2x,long,2025-08-23T17:15:00.570822+00:00,Crypto-Linked,9.96,82221.6,27398300,1.67,ProShares,crypto,2026-08-01T00:00:02.74+00:00,https://www.proshares.com/our-etfs/leveraged-and-inverse/uxrp,NYSE,2025-07-14,-5.4131054131054,-79.5482546201232,True,Monthly,-7.434944237918205
UYG,ProShares Ultra Financials,S&P Financial Select Sector Index,IXM,2x,long,2025-08-23T17:15:00.570824+00:00,Sector,95.919,19391.7,821890000,0.94,ProShares,equity,2026-08-01T00:00:02.74+00:00,https://www.proshares.com/our-etfs/leveraged-and-inverse/uyg,NYSE,2007-01-30,-0.0843750000000032,4.82950819672131,True,Monthly,3.9321703326470803
UYM,ProShares Ultra Materials,S&P Materials Select Sector Index,IXB,2x,long,2025-08-23T17:15:00.570826+00:00,Sector,29.009,8489.6,39249900,0.95,ProShares,equity,2026-08-01T00:00:02.74+00:00,https://www.proshares.com/our-etfs/leveraged-and-inverse/uym,NULL,2007-01-30,-4.73923066313764,16.6894609814964,True,Monthly,-0.3127147766323061
VALG,Leverage Shares 2X Long VALE Daily ETF,Vale S.A (ADR),VALE,2x,long,2025-12-25T03:46:12.246063+00:00,Single Stock,17.7349,505.133,253178,0.75,Leverage Shares,equity,2026-08-01T00:00:02.74+00:00,https://leverageshares.com/us/etfs/leverage-shares-2x-long-vale-daily-etf,NASDAQ,2025-12-18,0.642389780781645,11.920358450082,True,Monthly,2.7865840582817913
VBX,Corgi U.S. Small-Cap 2x Daily ETF,,,2x,long,2026-06-04T23:15:47.125922+00:00,Broad Market,24.5379,79.3667,483066,0.45,Corgi,equity,2026-08-01T00:00:02.74+00:00,https://corgifunds.com/vbx,CBOE,2026-06-03,-0.386471861032507,-0.454766734279911,,,-0.14365243435938113
VELL,Defiance Daily Target 2X Long VELO ETF,"Velo3D, Inc",VELO,2x,long,2026-06-06T20:45:48.553973+00:00,Single Stock,3.1216,101204,817626,1.31,Defiance,equity,2026-08-01T00:00:02.74+00:00,https://www.defianceetfs.com/VELL/,CBOE,2026-06-04,6.53924914675767,-77.7505345687812,,,-3.6543209876543297
VIAG,Leverage Shares 2X Long VIAV Daily ETF,Viavi Solutions,VIAV,2x,long,2026-07-07T18:14:27.922217+00:00,Single Stock,10.6295,0,81491,0.99,Leverage Shares,equity,2026-08-01T00:00:02.74+00:00,https://leverageshares.com/us/etfs/leverage-shares-2x-long-viav-daily-etf,AMEX,2026-07-07,11.7201294879341,-19.5953101361573,,,-17.60077519379845
VIXY,ProShares VIX Short-Term Futures ETF,,,,short,2025-08-23T14:31:10.680283+00:00,,,,,,ProShares,misc,2026-07-29T21:36:21.018332+00:00,https://www.proshares.com/our-etfs/leveraged-and-inverse//VIXY,CBOE,,,,True,Monthly,
VOOX,Corgi U.S. Large-Cap 2x Daily ETF,,,2x,long,2026-06-04T05:35:44.539313+00:00,Broad Market,23.9603,3076.87,1482510,0.2,Corgi,equity,2026-08-01T00:00:02.74+00:00,https://corgifunds.com/voox,CBOE,2026-06-03,1.69302333477638,-3.07322006472491,,,2.13256606990622
VRC,Corgi VRT 2x Daily ETF,Vertiv Holdings Co,VRT,2x,long,2026-07-15T21:29:16.989951+00:00,Single Stock,14.7353,0,188892,0.45,Corgi,equity,2026-08-01T00:00:02.74+00:00,https://corgifunds.com/vrc,CBOE,2026-07-14,12.9055244808827,-39.8313597386688,,,-34.018878231822534
VRTL,GraniteShares 2x Long VRT Daily ETF,Vertiv Holdings Co.,VRT,2x,long,2026-07-29T21:36:21.018332+00:00,Single Stock,24.8365,247946,36354700,1.5,GraniteShares,equity,2026-08-01T00:00:02.74+00:00,https://graniteshares.com/institutional/us/en-us/etfs/vrtl/,NASDAQ,2024-09-03,12.4861863439555,38.6740638555267,True,Monthly,-40.65352449223417
VSTL,Defiance Daily Target 2X Long VST ETF,,VST,2x,long,2026-07-29T21:36:21.018332+00:00,Single Stock,24.2914,34037.7,7452380,1.29,Defiance ETFs,equity,2026-08-01T00:00:02.74+00:00,https://www.defianceetfs.com/VSTL/,NASDAQ,2025-07-21,-0.0629456075896764,-37.7622341788368,,,-23.276586336502326
VYLD,Inverse VIX Short-Term Futures Exchange Traded Note,S&P 500 VIX Short-Term Futures Points-Change Inverse Daily Index,,,short,2025-08-23T14:31:10.680679+00:00,,29.9432,1753.7,122970000,0.85,JPMorgan,misc,2026-08-01T00:00:02.74+00:00,,NYSE,,1.94089149596059,5.80636042402827,,,1.087741804800656
WANT,Direxion Daily Consumer Discretionary Bull 3X Shares,S&P Consumer Discretionary Select Sector,,3x,long,2025-08-23T14:31:00.09574+00:00,,40.55,31732.9,16295400,1,Direxion Funds,equity,2026-08-01T00:00:02.74+00:00,,NYSE,,9.00537634408601,-20.4121687929343,True,Monthly,18.428738317756995
WDCC,Corgi WDC 2x Daily ETF,Western Digital Corporation,WDC,2x,long,2026-07-10T23:45:36.843816+00:00,Single Stock,20.5958,0,226480,0.45,Corgi,equity,2026-08-01T00:00:02.74+00:00,https://corgifunds.com/wdcc,AMEX,2026-07-10,4.49416539827499,-18.464766429137,,,3.652742828384497
WDCX,Tradr 2X Long WDC Daily ETF,Western Digital Corp,WDC,2x,long,2026-01-31T05:31:58.667719+00:00,Single Stock,27.52,2078490,101667000,1.49,Tradr,equity,2026-08-01T00:00:02.74+00:00,https://www.tradretfs.com/wdcx,CBOE,2026-01-26,4.75827940616673,218.39599907475,True,Monthly,-1.291248206599711
WEBL,Direxion Daily Dow Jones Internet Bull 3x Shares,Dow Jones Industrial Average,DJI,3x,long,2025-08-23T14:31:00.095616+00:00,,25.22,282037,86724300,0.96,Direxion Funds,equity,2026-08-01T00:00:02.74+00:00,,NYSE,,7.54797441364605,-9.57332377196128,True,Monthly,19.243498817966906
WEBS,Direxion Daily Dow Jones Internet Bear 3X Shares,Dow Jones Industrial Average,DJI,3x,short,2025-08-23T14:28:46.463251+00:00,,17.11,57396,8301170,1.07,Direxion Funds,equity,2026-08-01T00:00:02.74+00:00,,NYSE,,-7.56347920043221,-13.9768728004022,True,Monthly,-17.542168674698797
WEBX,Corgi Chinese Internet 2x Daily ETF,,,2x,long,2026-06-04T23:15:47.125913+00:00,Sector,24.4453,18.2333,350194,0.45,Corgi,equity,2026-08-01T00:00:02.74+00:00,https://corgifunds.com/webx,CBOE,2026-06-03,2.76747803422037,5.45858498705781,,,16.997865395476175
WLDU,Leverage Shares 2x Long World Stock Daily ETF,Vanguard Total World Stock ETF,VT,2x,long,2026-03-11T18:01:26.612936+00:00,Index ETF,16.9906,8998.33,3399540,0.75,Leverage Shares,equity,2026-08-01T00:00:02.74+00:00,https://leverageshares.com/us/etfs/leverage-shares-2x-long-world-stock-daily-etf/,CBOE,2026-03-10,0.753101354396445,13.1952031978681,,,2.414707655213989
WNTR,YieldMax MSTR Short Option Income Strategy ETF,MicroStrategy Incorporated,MSTR,variable,short,2025-08-27T00:36:36.784967+00:00,equity,26.95,162425,83509900,1,YieldMax,equity,2026-08-01T00:00:02.74+00:00,https://www.yieldmaxetfs.com/our-etfs/wntr/,AMEX,2025-03-26,3.2567049808429,-30.5233307553493,True,Monthly,-2.1423384168482205
WTIB,USCF Oil Plus Bitcoin Strategy Fund,Oil and Bitcoin,,2x,long,2026-02-20T03:33:05.409152+00:00,Multi-Asset,23.8895,1298.73,481600,0.93,USCF Advisers,misc,2026-08-01T00:00:02.74+00:00,https://www.uscfinvestments.com/wtib,AMEX,2025-12-09,-1.72974084738789,29.4122426868906,,,-7.15312864360668
WTID,MicroSectors Energy -3X Inverse Leveraged ETNs,Solactive MicroSectors Energy Index - Benchmark TR Gross,,3x,short,2025-08-23T14:28:15.617181+00:00,,3.62,60246,11492900,0.95,BMO Capital Markets,equity,2026-08-01T00:00:02.74+00:00,,NYSE,,-3.51812366737739,-67.9362267493357,,,-2.949061662198388
WTIU,MicroSectors Energy 3X Leveraged ETN,Solactive MicroSectors Energy Index,,3x,long,2025-08-23T14:30:29.211748+00:00,,19.3822,41371.6,27643600,0.95,BMO Capital Markets,equity,2026-08-01T00:00:02.74+00:00,,NYSE,,3.14673592004641,106.633262260128,,,1.371338912133891
WULX,Tradr 2X Long WULF Daily ETF,"TeraWulf, Inc",WULF,2x,long,2025-10-24T05:10:55.187066+00:00,Single Stock,20.665,243337,13748500,1.3,Tradr,equity,2026-08-01T00:00:02.74+00:00,https://www.tradretfs.com/WULX,CBOE,2025-10-22,-2.01517306780465,22.0614294152392,True,Monthly,-25.93189964157706
WX,Corgi All World 2x Daily ETF,,,2x,long,2026-06-04T05:35:44.539275+00:00,Broad Market,23.7081,99.3,338562,0.2,Corgi,equity,2026-08-01T00:00:02.74+00:00,https://corgifunds.com/wx,CBOE,2026-06-03,0.733788250890159,-4.09344660194174,,,2.257523280439265
WXET,Teucrium 2x Daily Wheat ETF,,,2x,long,2025-08-23T14:27:54.786901+00:00,,19.8256,16402.4,6383370,0.95,Teucrium,commodity,2026-08-01T00:00:02.74+00:00,,NYSE,,-7.52985074626866,36.5399449035813,,,-10.413014008133745
WYFL,Defiance Daily Target 2X Long WYFI ETF,WhiteFiber Inc,WYFI,2x,long,2026-06-04T23:15:47.125928+00:00,Single Stock,8.795,159594,2749810,1.31,Defiance,equity,2026-08-01T00:00:02.74+00:00,https://www.defianceetfs.com/WYFL/,CBOE,2026-06-03,-19.8998178506375,-51.51598676957,,,-28.08667211774326
XAGI,Corgi AGIX 2x Daily ETF,,,2x,long,2026-06-04T05:35:44.539252+00:00,Thematic,17.5457,297.367,315048,0.45,Corgi,equity,2026-08-01T00:00:02.74+00:00,https://corgifunds.com/xagi,CBOE,2026-06-03,1.84527333728045,-28.2090834697218,,,0.7215843857634808
XAPR,FT Vest U.S. Equity Enhance & Moderate Buffer ETF - April,,,2x,,2025-08-27T00:36:36.784967+00:00,,37.9853,1564.13,29175000,0.85,FT Vest,equity,2026-08-01T00:00:02.74+00:00,,CBOE,,0.32565633088585,4.15149487815043,,,0.6630431614067527
XAUG,FT Vest U.S. Equity Enhance & Moderate Buffer ETF - August,,,2x,,2025-08-27T00:36:36.784967+00:00,,39.3443,24978.5,23545300,0.85,FT Vest,equity,2026-08-01T00:00:02.74+00:00,,CBOE,,0.074526262240873,5.19866310160427,,,0.2658002038735855
XBAP,Innovator U.S. Equity Accelerated 9 Buffer ETF - April,,,2x,,2025-08-27T00:36:36.784967+00:00,,42.2593,5021.9,130970000,0.79,Innovator,equity,2026-08-01T00:00:02.74+00:00,https://www.innovatoretfs.com/etf/default.aspx?ticker=XBAP,CBOE,,0.312621654212445,9.36671842650104,,,0.7373063170441009
XBCI,NEOS Boosted Bitcoin High Income ETF,Bitcoin ETPs,BTC,1.5x,long,2026-04-29T05:08:24.029293+00:00,Crypto-Linked,31.6483,123792,106455000,0.98,Neos,crypto,2026-08-01T00:00:02.74+00:00,https://neosfunds.com/xbci/,NASDAQ,2026-02-02,-3.21620795107035,-36.8171291674985,,,-1.667546993941287
XBIX,Corgi U.S. Biotech 2x Daily ETF,,,2x,long,2026-06-04T05:35:44.539292+00:00,Sector,32.1639,1792.5,651494,0.45,Corgi,equity,2026-08-01T00:00:02.74+00:00,https://corgifunds.com/xbix,CBOE,2026-06-03,-5.8871895107371,26.529897718332,,,-4.953014184397178
XBJA,Innovator U.S. Equity Accelerated 9 Buffer ETF - January,,,2x,,2025-08-27T00:36:36.784967+00:00,,34.0929,11104.4,86851900,0.79,Innovator,equity,2026-08-01T00:00:02.74+00:00,https://www.innovatoretfs.com/etf/default.aspx?ticker=XBJA,CBOE,,0.386317528274497,6.47376639600249,,,0.6581045172719303
XBJL,Innovator U.S. Equity Accelerated 9 Buffer ETF - July,,,2x,,2025-08-27T00:36:36.784967+00:00,,40.13,4942.8,73137700,0.79,Innovator,equity,2026-08-01T00:00:02.74+00:00,https://www.innovatoretfs.com/etf/default.aspx?ticker=XBJL,CBOE,,0.384477803098337,4.91503267973857,,,0.526052104208419
XBNB,Teucrium xETFs 2x Long Daily BNB ETF,Binance Coin,BNB,2x,long,2026-04-29T05:08:24.029298+00:00,Crypto-Linked,19.9081,164.4,187938,1.89,Teucrium,crypto,2026-08-01T00:00:02.74+00:00,https://teucrium.com/xbnb,AMEX,2026-04-28,-2.2185876089156,-20.0477911646586,,,7.763968430967101
XBOC,Innovator U.S. Equity Accelerated 9 Buffer ETF - October,,,2x,,2025-08-27T00:36:36.784967+00:00,,35.8447,2389,64814100,0.79,Innovator,equity,2026-08-01T00:00:02.74+00:00,https://www.innovatoretfs.com/etf/default.aspx?ticker=XBOC,CBOE,,0.292949076664804,6.80398793845275,,,0.548681453388742
XBTY,GraniteShares YieldBOOST Bitcoin ETF,BITCOIN,BTC,variable,long,2026-07-29T21:36:21.018332+00:00,Single Stock,5.48,19527.3,11502400,1.15,GraniteShares,crypto,2026-08-01T00:00:02.74+00:00,https://graniteshares.com/institutional/us/en-us/etfs/xbty/,,2025-05-12,-1.52740341419587,-50.8078994614004,True,Monthly,-0.90415913200723
XDEC,FT Vest U.S. Equity Enhance & Moderate Buffer ETF - December,,,2x,,2025-08-27T00:36:36.784967+00:00,,43.12,31133.1,201169000,0.85,FT Vest,equity,2026-08-01T00:00:02.74+00:00,,CBOE,,0.162601626016261,5.44875635517058,,,0.45428072218986676
XDQQ,Innovator Growth Accelerated ETF - Quarterly,,,2x,,2025-08-27T00:36:36.784967+00:00,,38.23,13823.2,54934400,0.79,Innovator,equity,2026-08-01T00:00:02.74+00:00,https://www.innovatoretfs.com/etf/default.aspx?ticker=xdqq,CBOE,,0.684751119304709,-3.77572671601633,,,-0.18276762402088848
XDSQ,Innovator US Equity Accelerated ETF - Quarterly,SPDR S&P 500 ETF Trust,SPY,2x,long,2025-08-27T00:36:36.784967+00:00,Index,43.31,16651.4,68437800,0.79,Innovator,equity,2026-08-01T00:00:02.74+00:00,https://www.innovatoretfs.com/etf/default.aspx?ticker=xdsq,CBOE,2021-04-01,1.09215001132064,3.7116858237548,,,1.5239135581658698
XEUR,Corgi Europe Equities 2x Daily ETF,,,2x,long,2026-06-04T05:35:44.539244+00:00,Broad Market,26.0545,9.8,501236,0.45,Corgi,equity,2026-08-01T00:00:02.74+00:00,https://corgifunds.com/xeur,CBOE,2026-06-03,-0.793137060785589,6.38832176398531,,,4.826834253343418
XEY,GraniteShares YieldBOOST Ether ETF,Ethereum,ETH,variable,long,2026-04-29T05:08:24.0293+00:00,Crypto-Linked,19.765,90.3667,604820,1.07,GraniteShares,crypto,2026-08-01T00:00:02.74+00:00,https://graniteshares.com/etfs/xey/,NASDAQ,2026-04-28,-2.61148066026115,-21.3101570213715,,,-1.1749999999999972
XFEB,FT Vest U.S. Equity Enhance & Moderate Buffer ETF - February,,,2x,,2025-08-27T00:36:36.784967+00:00,,37.6447,1305.17,30802300,0.85,FT Vest,equity,2026-08-01T00:00:02.74+00:00,,CBOE,,0.265013903241956,5.24098406485881,,,0.4930592632140935
XHOA,Corgi U.S. Real Estate 2x Daily ETF,,,2x,long,2026-06-04T05:35:44.539222+00:00,Sector,26.7325,27.7667,277469,0.45,Corgi,equity,2026-08-01T00:00:02.74+00:00,https://corgifunds.com/xhoa,CBOE,2026-06-03,-0.804841666233753,5.16325727773407,,,-3.8917850080891587
XIWC,Corgi U.S. Micro-Cap 2x Daily ETF,,,2x,long,2026-06-04T05:35:44.539255+00:00,Broad Market,23.4979,393.8,345982,0.45,Corgi,equity,2026-08-01T00:00:02.74+00:00,https://corgifunds.com/xiwc,CBOE,2026-06-03,-1.60255604968049,-2.09208333333333,,,0.5894641313002559
XJAN,FT Vest U.S. Equity Enhance & Moderate Buffer ETF - January,,,2x,,2025-08-27T00:36:36.784967+00:00,,38.6769,951.233,41227400,0.85,FT Vest,equity,2026-08-01T00:00:02.74+00:00,,CBOE,,0.277158413274574,4.95766621438264,,,0.45948051948052826
XJUL,FT Vest U.S. Equity Enhance & Moderate Buffer ETF - July,,,2x,,2025-08-27T00:36:36.784967+00:00,,41.03,28427.7,41595600,0.85,FT Vest,equity,2026-08-01T00:00:02.74+00:00,,CBOE,,0.342382000489119,4.98976458546572,,,1.0093549975381677
XJUN,FT Vest U.S. Equity Enhance & Moderate Buffer ETF - June,,,2x,,2025-08-27T00:36:36.784967+00:00,,44.58,43583.9,135694000,0.85,FT Vest,equity,2026-08-01T00:00:02.74+00:00,,CBOE,,0.337609723160024,3.72266170311773,,,0.6093432633716904
XKRE,Corgi U.S. Regional Banks 2x Daily ETF,,,2x,long,2026-06-04T05:35:44.539295+00:00,Sector,29.5682,27.1667,444380,0.45,Corgi,equity,2026-08-01T00:00:02.74+00:00,https://corgifunds.com/xkre,CBOE,2026-06-03,0.395222023781237,22.7405562474056,,,0.6772377959297697
XLBX,Corgi U.S. Materials 2x Daily ETF,,,2x,long,2026-06-04T23:15:47.125907+00:00,Sector,23.5469,291.067,619612,0.45,Corgi,equity,2026-08-01T00:00:02.74+00:00,https://corgifunds.com/xlbx,CBOE,2026-06-03,-4.7355304360491,-7.11282051282052,,,-0.1403731976250953
XLEX,Corgi U.S. Energy 2x Daily ETF,,,2x,long,2026-06-04T05:35:44.539303+00:00,Sector,26.1344,2053.43,379398,0.45,Corgi,equity,2026-08-01T00:00:02.74+00:00,https://corgifunds.com/xlex,CBOE,2026-06-03,2.0193542594595,-0.364468166221887,,,2.4878431372548997
XLFX,Corgi U.S. Financials 2x Daily ETF,,,2x,long,2026-06-04T23:15:47.125925+00:00,Sector,30.222,1648.4,896847,0.45,Corgi,equity,2026-08-01T00:00:02.74+00:00,https://corgifunds.com/xlfx,CBOE,2026-06-03,-0.120957347663144,23.8606557377049,,,2.412741443578447
XLIX,Corgi U.S. Industrials 2x Daily ETF,,,2x,long,2026-06-04T05:35:44.539268+00:00,Sector,26.1879,561.5,504468,0.45,Corgi,equity,2026-08-01T00:00:02.74+00:00,https://corgifunds.com/xlix,CBOE,2026-06-03,1.95001362556935,3.71445544554455,,,-3.05912053986222
XLKX,Corgi U.S. Technology 2x Daily ETF,,,2x,long,2026-06-04T05:35:44.539258+00:00,Sector,18.936,1160,255844,0.45,Corgi,equity,2026-08-01T00:00:02.74+00:00,https://corgifunds.com/xlkx,CBOE,2026-06-03,0.0137323460128717,-22.3616236162362,,,-0.8586387434555051
XLPX,Corgi U.S. Consumer Staples 2x Daily ETF,,,2x,long,2026-06-04T05:35:44.539237+00:00,Sector,26.8699,866.333,424946,0.45,Corgi,equity,2026-08-01T00:00:02.74+00:00,https://corgifunds.com/xlpx,CBOE,2026-06-03,-0.902465830216924,5.53770620581304,,,2.1506071273788963
XLUX,Corgi U.S. Utilities 2x Daily ETF,,,2x,long,2026-06-04T05:35:44.539233+00:00,Sector,25.4531,485.4,520382,0.45,Corgi,equity,2026-08-01T00:00:02.74+00:00,https://corgifunds.com/xlux,CBOE,2026-06-03,-1.06156369770895,0.0908375933936274,,,-7.892089455019184
XLVX,Corgi U.S. Healthcare 2x Daily ETF,,,2x,long,2026-06-04T23:15:47.125904+00:00,Sector,30.5783,2654.93,638204,0.45,Corgi,equity,2026-08-01T00:00:02.74+00:00,https://corgifunds.com/xlvx,CBOE,2026-06-03,-0.910584491547126,20.1032992930086,,,-0.009155981962717429
XLYX,Corgi U.S. Consumer Discretionary 2x Daily ETF,,,2x,long,2026-06-04T05:35:44.539262+00:00,Sector,23.921,93.2667,331407,0.45,Corgi,equity,2026-08-01T00:00:02.74+00:00,https://corgifunds.com/xlyx,CBOE,2026-06-03,6.8192677470204,-2.7996749288907,,,12.44030383935622
XMAR,FT Vest U.S. Equity Enhance & Moderate Buffer ETF - March,,,2x,,2025-08-27T00:36:36.784967+00:00,,42.9897,33922.7,155892000,0.85,FT Vest,equity,2026-08-01T00:00:02.74+00:00,,CBOE,,0.326021003500578,7.42053973013492,,,0.5489416442521262
XMAY,FT Vest U.S. Equity Enhance & Moderate Buffer ETF - May,,,2x,,2025-08-27T00:36:36.784967+00:00,,36.295,1226.1,18842800,0.85,FT Vest,equity,2026-08-01T00:00:02.74+00:00,,CBOE,,0.394719008195896,4.02694181713958,,,0.6516916250693273
XNDX,Tradr 2X Long XNDU Daily ETF,Xanadu Quantum Technologies Inc,XNDU,2x,long,2026-05-08T00:02:23.70022+00:00,Single Stock,9.48,127237,4468300,1.49,Tradr,equity,2026-08-01T00:00:02.74+00:00,https://www.tradretfs.com/XNDX,CBOE,2026-05-06,-5.01002004008016,-62.2160223196493,True,Monthly,-3.756345177664967
XNOV,FT Vest U.S. Equity Enhance & Moderate Buffer ETF - November,,,2x,,2025-08-27T00:36:36.784967+00:00,,39.9,30272.9,56442900,0.85,FT Vest,equity,2026-08-01T00:00:02.74+00:00,,CBOE,,0.276451369690876,5.30482977038796,,,0.3041805978028485
XOCT,FT Vest U.S. Equity Enhance & Moderate Buffer ETF - October,,,2x,,2025-08-27T00:36:36.784967+00:00,,39.8,62428.9,72129600,0.85,FT Vest,equity,2026-08-01T00:00:02.74+00:00,,CBOE,,0.188797986154804,5.31886742524477,,,0.35300050428643615
XOMX,Direxion Daily XOM Bull 2X Shares,Exxon Mobil Corporation,,2x,long,2025-08-27T00:36:36.784967+00:00,,44.4171,24100.5,9023440,1.07,Direxion,equity,2026-08-01T00:00:02.74+00:00,,NASDAQ,,-2.00114287983656,51.9572357167294,,,-1.295333333333338
XOVL,Defiance Daily Target 2X Long XOVR ETF,ERShares Private-Public Crossover ETF,XOVR,2x,long,2026-05-06T06:10:16.266671+00:00,Single Stock,17.46,51652.9,7577460,1.31,Defiance,equity,2026-08-01T00:00:02.74+00:00,https://www.defianceetfs.com/XOVL/,CBOE,2026-05-04,-1.41163184641446,-13.7505186824478,,,-0.17152658662091244
XPAV,Corgi U.S. Infrastructure 2x Daily ETF,,,2x,long,2026-06-04T05:35:44.539309+00:00,Sector,24.063,13.4667,228859,0.45,Corgi,equity,2026-08-01T00:00:02.74+00:00,https://corgifunds.com/xpav,CBOE,2026-06-03,0.973098178430704,-5.37554069996068,,,-4.694573496037363
XPEG,Leverage Shares 2X Long XPEV Daily ETF,XPeng Inc ADR,XPEV,2x,long,2026-01-23T21:49:11.832583+00:00,Single Stock,4.8682,24559.7,1056470,0.75,Leverage Shares,equity,2026-08-01T00:00:02.74+00:00,https://leverageshares.com/us/etfs/leverage-shares-2x-long-xpev-daily-etf/,NASDAQ,2026-01-15,0.536946016273591,-69.3689045491726,True,,5.600867678958775
XPP,ProShares Ultra FTSE China 50,FTSE China 50 Index,,2x,long,2025-08-23T17:15:00.570829+00:00,International,22.4896,4730.3,8929890,0.95,ProShares,equity,2026-08-01T00:00:02.74+00:00,https://www.proshares.com/our-etfs/leveraged-and-inverse/xpp,NYSE,2009-06-02,-0.0333376301834471,-18.4272760246645,True,Monthly,10.840808279940859
XQQI,NEOS Boosted Nasdaq-100 High Income ETF,Nasdaq-100 Index,,1.5x,long,2026-04-29T05:08:24.029273+00:00,Index,47.425,274869,241514000,0.98,Neos,equity,2026-08-01T00:00:02.74+00:00,https://neosfunds.com/XQQI/,NASDAQ,2026-02-02,1.24893253629375,-5.52788844621515,,,-0.6598240469208312
XQTM,Corgi Quantum Computing 2x Daily ETF,,,2x,long,2026-07-07T18:14:27.922214+00:00,Basket of Stocks,13.2236,0,0,0.45,Corgi,equity,2026-08-01T00:00:02.74+00:00,https://corgifunds.com/xqtm,CBOE,2026-06-30,0.0787091696182519,-45.8271200327735,,,10.10491257285595
XRPI,Volatility Shares XRP ETF,XRP futures,,1x,long,2026-07-29T21:36:21.018332+00:00,Crypto-Linked,,,,0.94,Volatility Shares,crypto,2026-07-29T21:36:21.018332+00:00,https://www.volatilityshares.com/XRPI,NASDAQ,2025-05-22,,,True,Monthly,
XRPT,Volatility Shares 2X XRP ETF,XRP - Ripple,XRP,2x,long,2025-08-23T14:31:10.680371+00:00,Crypto-Linked,21.92,105991,52759100,3.13,Volatility Shares,crypto,2026-08-01T00:00:02.74+00:00,https://www.volatilityshares.com/xrpt,NASDAQ,2025-05-22,-5.5302716866639,-79.3207547169811,True,Monthly,-6.921443736730356
XSEM,Corgi U.S. Semiconductors 2x Daily ETF,,,2x,long,2026-06-04T23:15:47.125916+00:00,Sector,17.0309,2252.17,443424,0.45,Corgi,equity,2026-08-01T00:00:02.74+00:00,https://corgifunds.com/xsem,CBOE,2026-06-03,1.35690862886762,-33.2906384645515,,,-8.925668449197863
XSEP,FT Vest U.S. Equity Enhance & Moderate Buffer ETF - September,,,2x,,2025-08-27T00:36:36.784967+00:00,,44.715,11226.1,134431000,0.85,FT Vest,equity,2026-08-01T00:00:02.74+00:00,,CBOE,,0.145576707726775,5.63430191353651,,,0.483146067415738
XSPI,NEOS Boosted S&P 500 High Income ETF,S&P 500 Index,,1.5x,long,2026-04-29T05:08:24.02929+00:00,Index,49.3083,65909.6,78892000,0.98,Neos,equity,2026-08-01T00:00:02.74+00:00,https://neosfunds.com/XSPI/,NASDAQ,2026-02-02,1.16473740577671,-1.658755484643,,,1.6770801113516967
XTAI,Corgi Taiwan 2x Daily ETF,,,2x,long,2026-06-04T05:35:44.539323+00:00,Broad Market,19.1117,4001.47,658448,0.45,Corgi,equity,2026-08-01T00:00:02.74+00:00,https://corgifunds.com/xtai,CBOE,2026-06-03,5.11850218083613,-22.9366935483871,,,-4.2979469203805705
XTAP,Innovator U.S. Equity Accelerated Plus ETF,,,3x,,2025-08-27T00:36:36.784967+00:00,,45.7598,557.7,22630200,0.79,Innovator,equity,2026-08-01T00:00:02.74+00:00,https://www.innovatoretfs.com/etf/default.aspx?ticker=xtap,CBOE,,0.470518492496518,12.570233702337,,,0.9020808940104454
XTJA,Innovator U.S. Equity Accelerated Plus ETF - January,,,3x,,2025-08-27T00:36:36.784967+00:00,,34.3925,788.333,20323100,0.79,Innovator,equity,2026-08-01T00:00:02.74+00:00,https://www.innovatoretfs.com/etf/default.aspx?ticker=xtja,CBOE,,0.520541058735505,8.51080612083924,,,0.8873569961865498
XTJL,Innovator U.S. Equity Accelerated Plus ETF - July,,,3x,,2025-08-27T00:36:36.784967+00:00,,41.3376,941.633,13135400,0.79,Innovator,equity,2026-08-01T00:00:02.74+00:00,https://www.innovatoretfs.com/etf/default.aspx?ticker=xtjl,CBOE,,0.759272755636052,6.34834062258813,,,1.1688693098384788
XTOC,Innovator U.S. Equity Accelerated Plus ETF - October,,,3x,,2025-08-27T00:36:36.784967+00:00,,36.5533,5160.63,25256900,0.79,Innovator,equity,2026-08-01T00:00:02.74+00:00,https://www.innovatoretfs.com/etf/default.aspx?ticker=xtoc,CBOE,,0.503986802309603,17.9138709677419,,,0.9759668508287217
XVO,Corgi U.S. Mid-Cap 2x Daily ETF,,,2x,long,2026-06-04T05:35:44.53923+00:00,Broad Market,25.4346,11.8667,503436,0.45,Corgi,equity,2026-08-01T00:00:02.74+00:00,https://corgifunds.com/xvo,CBOE,2026-06-03,0.0605841253855339,1.94228456913828,,,1.0833796995469385
XVUG,Corgi U.S. Growth 2x Daily ETF,,,2x,long,2026-06-04T05:35:44.539334+00:00,Broad Market,22.0109,59.9667,305534,0.45,Corgi,equity,2026-08-01T00:00:02.74+00:00,https://corgifunds.com/xvug,CBOE,2026-06-03,2.59722099218316,-9.93903436988544,,,4.314589701665834
XW,Corgi Ex-U.S. Equities 2x Daily ETF,,,2x,long,2026-06-04T05:35:44.539265+00:00,Broad Market,23.2717,99.8333,331114,0.45,Corgi,equity,2026-08-01T00:00:02.74+00:00,https://corgifunds.com/xw,CBOE,2026-06-03,-0.349841993028858,-8.95266040688576,,,2.473359753412586
XXRP,Teucrium 2x Long Daily XRP ETF,XRP - Ripple,XRP,2x,long,2025-08-23T14:31:10.68027+00:00,Crypto-Linked,20.61,222582,88472300,2.77,Teucrium,crypto,2026-08-01T00:00:02.74+00:00,https://teucrium.com/etfs/XXRP,NYSE,2025-04-08,-5.76131687242799,-79.873046875,True,Monthly,-7.495511669658894
XYZG,Leverage Shares 2x Long XYZ Daily ETF,Block Inc.,XYZ,2x,long,2025-08-28T00:45:05.934817+00:00,Single Stock,18.2983,9279.2,3094150,0.78,Leverage Shares,equity,2026-08-01T00:00:02.74+00:00,https://leverageshares.com/us/etfs/leverage-shares-2x-long-xyz-daily-etf,NASDAQ,2025-04-04,-3.57491028471757,27.7814245810056,True,Monthly,12.604923076923082
YANG,Direxion Daily FTSE China Bear 3X Shares,FTSE China 50,,3x,short,2025-08-23T14:28:46.462975+00:00,,26.15,716150,89434500,1.03,Direxion Funds,equity,2026-08-01T00:00:02.74+00:00,,NYSE,,-0.0764233855559921,14.0427387701701,True,Monthly,-15.780998389694048
YBST,GraniteShares YieldBoost Single Stock Universe ETF,,,variable,long,2025-12-25T03:46:12.246039+00:00,Basket of Stocks,12.6847,2303,1258010,1.38,GraniteShares,equity,2026-08-01T00:00:02.74+00:00,https://graniteshares.com/institutional/us/en-us/etfs/YBST/,NASDAQ,2025-12-16,-0.120472440944881,-45.6627713712925,,,-1.9350599149594208
YBTY,GraniteShares YieldBoost TopYielders ETF,,,variable,long,2025-12-25T03:46:12.246033+00:00,Basket of Stocks,11.1278,5121.77,1776010,1.38,GraniteShares,equity,2026-08-01T00:00:02.74+00:00,https://graniteshares.com/institutional/us/en-us/etfs/ybty/,NASDAQ,2025-12-16,-0.55585344057193,-51.5339721254355,,,-2.898778359511346
YCL,ProShares Ultra Yen,Yen/US Dollar,YEN,2x,long,2025-08-23T17:15:00.570831+00:00,Currency,17.95,44819.7,31612300,0.95,ProShares,misc,2026-08-01T00:00:02.74+00:00,https://www.proshares.com/our-etfs/leveraged-and-inverse/ycl,NYSE,2008-11-24,0.223338916806249,-5.67524960588545,True,Monthly,5.093676814988297
YCS,ProShares UltraShort Yen,Yen/US Dollar,YEN,2x,short,2025-08-23T17:15:00.570833+00:00,Currency,54.61,36291.7,31561100,0.95,ProShares,misc,2026-08-01T00:00:02.74+00:00,https://www.proshares.com/our-etfs/leveraged-and-inverse/ycs,NYSE,2008-11-24,-0.835300526602507,7.07843137254902,True,Monthly,-5.649619903248105
YINN,Direxion Daily FTSE China Bull 3x Shares,FTSE China 50,,3x,long,2025-08-23T14:31:00.095538+00:00,,32.47,1666850,743943000,1.34,Direxion Funds,equity,2026-08-01T00:00:02.74+00:00,,NYSE,,0,-29.9762777657968,True,Weekly,17.986918604651162
YSPY,GraniteShares YieldBOOST SPY ETF,SPY ETF,SPY,variable,long,2025-08-27T00:36:36.784967+00:00,equity,14.955,10994.7,10529300,1.15,GraniteShares,equity,2026-08-01T00:00:02.74+00:00,https://graniteshares.com/institutional/us/en-us/etfs//YSPY,NASDAQ,,0.0669120107059203,-17.6486784140969,,,0.30113815467367866
YXI,ProShares Short FTSE China 50,FTSE China 50 Index,XIN0I,1x,short,2025-08-23T17:15:00.570836+00:00,International,21.2001,1512.1,4598750,0.95,ProShares,equity,2026-08-01T00:00:02.74+00:00,https://www.proshares.com/our-etfs/leveraged-and-inverse/yxi,NYSE,2010-03-16,0.150224628335769,6.80151133501258,True,,-5.102506714413612
ZETX,Defiance Daily Target 2x Long ZETA ETF,Zeta Global Holdings Corp,ZETA,2x,long,2026-02-04T19:39:19.214102+00:00,Single Stock,21.13,68595.1,4453160,1.31,Defiance,equity,2026-08-01T00:00:02.74+00:00,https://www.defianceetfs.com/ZETX/,AMEX,2026-02-03,1.26327493003106,16.2266226622662,,,24.440518256772666
ZSL,ProShares UltraShort Silver,Bloomberg Silver Subindex,BCOMSI,2x,short,2025-08-23T17:15:00.570838+00:00,Commodity,31.29,2281490,64113800,0.95,ProShares,commodity,2026-08-01T00:00:02.74+00:00,https://www.proshares.com/our-etfs/leveraged-and-inverse/zsl,NYSE,2008-12-01,4.43925233644859,-35.2173913043478,True,Monthly,-0.31857279388340687
ZVOL,Volatility Premium Plus ETF,S&P 500 VIX Mid Term Futures Inverse Daily Index (Excess Return),,1x,long,2026-07-29T21:36:21.018332+00:00,VIX/Commodities,7.7867,48938.8,14750000,1.42,Volatility Shares,misc,2026-08-01T00:00:02.74+00:00,https://www.volatilityshares.com/ZVOL,CBOE,2023-04-19,0.863989637305699,-28.5289447356102,,,1.521512385919163
